-- MySQL dump 10.13  Distrib 5.7.9, for Win64 (x86_64)
--
-- Host: localhost    Database: db_sac
-- ------------------------------------------------------
-- Server version	5.5.5-10.1.8-MariaDB

/*!40101 SET @OLD_CHARACTER_SET_CLIENT=@@CHARACTER_SET_CLIENT */;
/*!40101 SET @OLD_CHARACTER_SET_RESULTS=@@CHARACTER_SET_RESULTS */;
/*!40101 SET @OLD_COLLATION_CONNECTION=@@COLLATION_CONNECTION */;
/*!40101 SET NAMES utf8 */;
/*!40103 SET @OLD_TIME_ZONE=@@TIME_ZONE */;
/*!40103 SET TIME_ZONE='+00:00' */;
/*!40014 SET @OLD_UNIQUE_CHECKS=@@UNIQUE_CHECKS, UNIQUE_CHECKS=0 */;
/*!40014 SET @OLD_FOREIGN_KEY_CHECKS=@@FOREIGN_KEY_CHECKS, FOREIGN_KEY_CHECKS=0 */;
/*!40101 SET @OLD_SQL_MODE=@@SQL_MODE, SQL_MODE='NO_AUTO_VALUE_ON_ZERO' */;
/*!40111 SET @OLD_SQL_NOTES=@@SQL_NOTES, SQL_NOTES=0 */;

--
-- Table structure for table `entidades`
--

DROP TABLE IF EXISTS `entidades`;
/*!40101 SET @saved_cs_client     = @@character_set_client */;
/*!40101 SET character_set_client = utf8 */;
CREATE TABLE `entidades` (
  `cod_enti` varchar(5) CHARACTER SET utf8 NOT NULL,
  `nomb_enti` varchar(50) CHARACTER SET utf8 DEFAULT NULL,
  `direc_enti` varchar(150) CHARACTER SET utf8 DEFAULT NULL,
  `rif_enti` varchar(20) CHARACTER SET utf8 DEFAULT NULL,
  `telef_enti` varchar(50) CHARACTER SET utf8 DEFAULT NULL,
  `tipo_enti` varchar(50) CHARACTER SET utf8 DEFAULT NULL,
  PRIMARY KEY (`cod_enti`)
) ENGINE=MyISAM DEFAULT CHARSET=latin1 COLLATE=latin1_spanish_ci;
/*!40101 SET character_set_client = @saved_cs_client */;

--
-- Dumping data for table `entidades`
--

LOCK TABLES `entidades` WRITE;
/*!40000 ALTER TABLE `entidades` DISABLE KEYS */;
INSERT INTO `entidades` VALUES ('01','Policlinica Carora C.A','Calle Carabobo entre Camacaro Y Rivas','J-08504879-0','0252-4214411','Privada'),('02','Hospital Clinico Loyola','Av. Isaias Avila con Calle Castaneda','J-3006943-1','0252-4212031','Privada'),('03','Clinica Adventista','Carrera 15 ','','','Privada'),('04','Clinica La Trinidad','','','','Privada'),('05','Policlinica Cabudare','Calle Libertador','','','Privada'),('06','Clinica los Leones','Barquisimeto','','',''),('08','asdasd','asdas','asd','asda','Privada'),('07','asdasd','asdasd','asdasd','asdasd','Publica');
/*!40000 ALTER TABLE `entidades` ENABLE KEYS */;
UNLOCK TABLES;

--
-- Table structure for table `pacientes`
--

DROP TABLE IF EXISTS `pacientes`;
/*!40101 SET @saved_cs_client     = @@character_set_client */;
/*!40101 SET character_set_client = utf8 */;
CREATE TABLE `pacientes` (
  `factura` varchar(50) NOT NULL,
  `nombre` varchar(150) DEFAULT NULL,
  `codigo_entidad` varchar(5) DEFAULT NULL,
  `f_pago` varchar(50) DEFAULT NULL,
  `monto` float DEFAULT NULL,
  `t_atencion` varchar(50) DEFAULT NULL,
  `descripcion` varchar(150) DEFAULT NULL,
  `est_c` varchar(20) DEFAULT NULL,
  `nom_ent` varchar(100) DEFAULT NULL,
  `fecha_f` date DEFAULT NULL,
  `fecha_c` date DEFAULT NULL,
  `cod_s` varchar(10) DEFAULT NULL,
  PRIMARY KEY (`factura`)
) ENGINE=MyISAM DEFAULT CHARSET=utf8;
/*!40101 SET character_set_client = @saved_cs_client */;

--
-- Dumping data for table `pacientes`
--

LOCK TABLES `pacientes` WRITE;
/*!40000 ALTER TABLE `pacientes` DISABLE KEYS */;
INSERT INTO `pacientes` VALUES ('000354','Miguel Uzcategui','01','Seguro',350,'Valoracion','Esguince de Tobillo','Cancelada','Policlinica Carora C.A','2009-07-23','2009-10-03','01'),('000355','Jesus Alvarez','01','Seguro',600,'Valoracion','Tx simple de Rodilla','Cancelada','Policlinica Carora C.A','2009-07-23','2009-11-04','06'),('000356','Humberto Cueri','01','Seguro',400,'Valoracion','Lumbociatalgia','Cancelada','Policlinica Carora C.A','2009-07-23','2009-10-21','01'),('000357','Margarita Trujillo','01','Seguro',1600,'Cirugía','Hemiprotesis de cadera','Cancelada','Policlinica Carora C.A','2009-07-21','2009-12-07','01'),('000358','Chiquinquira Castllo','01','Seguro',2000,'Cirugía','Tu dorso de la Muneca','Cancelada','Policlinica Carora C.A','2009-07-23','2009-09-15','05'),('000359','Nahir Melendez','01','Seguro',1000,'Cirugía','Fx de Clavicula derecha B-JB-LL','Cancelada','Policlinica Carora C.A','2009-09-02','2010-01-18','01'),('000360','Rafael Perez','02','Efectivo',550,'Valoracion','Fx de Muneca Izq','Cancelada','Hospital Clinico Loyola','2009-09-04','2009-09-15',''),('000361','Reinaldo Lopez','02','Efectivo',120,'Valoracion','Fx de Tibia derecha','Cancelada','Hospital Clinico Loyola','2009-09-10','2009-09-15',''),('000362','Ramon Abreu','01','Seguro',1200,'Cirugía','Fx de cadera','Cancelada','Policlinica Carora C.A','2009-10-14','2009-11-19','05'),('000363','Evelia Quintero','01','Seguro',1200,'Cirugía','Seccion Tendon de Aquiles Izq','Cancelada','Policlinica Carora C.A','2009-10-19','2010-01-18','01'),('000364','Elida fernandez','01','Seguro',450,'Cirugía','fx de Tibia','Cancelada','Policlinica Carora C.A','2009-10-23','2010-01-18','07'),('000365','Leonardo Montero','01','Seguro',700,'Valoracion','Tx de torax','Cancelada','Policlinica Carora C.A','2009-11-13','2009-12-30','01'),('000366','Policlinica','01','Efectivo',2000,'Otros...','Material de Sintesis','Cancelada','Policlinica Carora C.A','2009-11-26','2010-02-23',''),('000367','Mary del Carmen Melendez','01','Seguro',1200,'Cirugía','Hemiartroplastia Cadera','Cancelada','Policlinica Carora C.A','2009-11-26','2010-03-08','01'),('000368','Jose Euclides Mujica','01','Seguro',1200,'Cirugía','Fx de muneca Derecha LL-JB-B','Cancelada','Policlinica Carora C.A','2009-11-26','2010-03-08','01'),('000301','Jeomar Rodriguez','01','Seguro',2000,'Cirugía','Quiste Sinovial de Muñeca Derecha JB-LL','Cancelada','Policlinica Carora C.A','2009-02-06','2009-04-20','01'),('000302','Jeferson suarez','02','Seguro',650,'Valoracion','Fx de Muñeca derecha','Cancelada','Hospital Clinico Loyola','2009-02-18','2009-04-30','01'),('000303','MargaritaTrujillo','01','Seguro',800,'Cirugía','Osteomielitis de Cadera Derecha LL-JB','Cancelada','Policlinica Carora C.A','2009-01-30','2009-05-19','01'),('000304','Alicia Alvarez','01','Seguro',1200,'Cirugía','Sx Tunel del Carpo Izq LL-JB','Cancelada','Policlinica Carora C.A','2009-02-19','2010-11-15','01'),('000305','Maria Melo','01','Seguro',800,'Cirugía','Fascitis Plantar Bilateral LL-JB','Cancelada','Policlinica Carora C.A','2009-02-19','2009-05-19','01'),('000306','Rosaura Carrasco','01','Seguro',2500,'Cirugía','Fx Muñeca Derecha JB-LL','Cancelada','Policlinica Carora C.A','2009-02-21','2009-07-01','01'),('000307','Jhoan torres','01','Efectivo',600,'Cirugía','Fx abierta de Falange Derecha LL-JB','Cancelada','Policlinica Carora C.A','2009-02-27','2009-06-28',''),('000308','Agustin Lameda','01','Seguro',370,'Valoracion','Fx Costal Izq Tx Simple de Torax ','Cancelada','Policlinica Carora C.A','2009-03-02','2009-04-20','05'),('000310','Reinaldo Castillo','02','Efectivo',200,'Valoracion','Esguince de tobillo','Cancelada','Hospital Clinico Loyola','2009-03-10','2009-05-15',''),('000311','Anny Rodriguez','01','Efectivo',250,'Valoracion','Fx de Codo Izq','Cancelada','Policlinica Carora C.A','2009-03-16','2009-05-19',''),('000312','Teresita Yepez de Martinez','01','Seguro',600,'Cirugía','Fx de Cadera Derecha','Cancelada','Policlinica Carora C.A','2009-03-17','2009-07-01','15'),('000314','Isabel Leal de Rodriguez','01','Seguro',370,'Valoracion','Tx de torax','Cancelada','Policlinica Carora C.A','2009-03-11','2009-07-01','16'),('000351','Katiuska Alvarez','01','Efectivo',700,'Valoracion','Fx Femur Izq','Cancelada','Policlinica Carora C.A','2009-07-17','2009-07-28',''),('000352','Katiuska Alvarez','01','Efectivo',3000,'Cirugía','Fx Femur Izq JB-LL','Cancelada','Policlinica Carora C.A','2009-07-17','2009-07-28',''),('000353','Onelia Barroso','01','Efectivo',600,'Valoracion','Tx simple cara','Cancelada','Policlinica Carora C.A','2009-07-17','2009-07-28',''),('000369','Yolanda jimenez','04','Seguro',1080,'Cirugía','lesion de menisco Rodilla Izq','Cancelada','Clinica La Trinidad','2009-12-29','2010-09-08','01'),('000370','Daniel duarte','04','Seguro',960,'Cirugía','lesion de menisco Rodilla derecha','Cancelada','Clinica La Trinidad','2009-12-29','2010-07-27','01'),('000371','Jose Concepcion Perdomo ','03','Seguro',1200,'Cirugía','Hemiartroplastia de Cadera','Cancelada','Clinica Adventista','2009-12-29','2010-09-08','01'),('000372','Iraida Hernandez','04','Seguro',900,'Cirugía','Lesion de menisco Rodilla Izq','Cancelada','Clinica La Trinidad','2009-12-29','2010-09-08','01'),('000374','Jose Garcia','02','Seguro',500,'Valoracion','Fx Falange mano derecha','Cancelada','Hospital Clinico Loyola','2010-01-15','2010-03-26','08'),('000375','Tito Navas','01','Seguro',800,'Valoracion','Elongacion de Ligamento de Rodilla','Cancelada','Policlinica Carora C.A','2010-01-15','2010-03-05','03'),('000376','Alexander Mendoza','01','Seguro',850,'Valoracion','Fx de falange mano Izq','Cancelada','Policlinica Carora C.A','2010-01-20','2010-03-05','05'),('000377','Zoila Belen Pereira','01','Seguro',800,'Valoracion','Fx de Tobillo Derecha','Cancelada','Policlinica Carora C.A','2010-01-20','2010-03-08','05'),('000379','Alirio Martinez','02','Seguro',3000,'Cirugía','Lesion de tendon de Aquiles JB-LL','Cancelada','Hospital Clinico Loyola','2010-01-22','2010-05-07','02'),('000380','Paula Frias','01','Efectivo',1200,'Cirugía','Fx de cadera derecha','Cancelada','Policlinica Carora C.A','2010-02-10','2010-02-17',''),('000381','Mirtha melendez','01','Seguro',1200,'Cirugía','fascitis plantar LL-JB','Cancelada','Policlinica Carora C.A','2010-02-22','2010-04-16','11'),('000382','Irene Marchan','01','Seguro',1200,'Cirugía','fx de cadera','Cancelada','Policlinica Carora C.A','2010-03-09','2010-07-22','12'),('000383','Mayohoulyt melendez','01','Seguro',1000,'Cirugía','STC mano Izq LL-JB','Cancelada','Policlinica Carora C.A','2010-03-09','2010-04-30','11'),('000384','Jose Luna','01','Seguro',1200,'Cirugía','Retiro de material de sintesis LL-JB','Cancelada','Policlinica Carora C.A','2010-03-09','2010-04-30','11'),('000385','Hector Carrasco','01','Seguro',750,'Valoracion','Esguince de tobillo','Cancelada','Policlinica Carora C.A','2010-03-10','2010-08-17','13'),('000386','Nelson Veriles','02','Seguro',500,'Valoracion','Dolor Lumbar','Cancelada','Hospital Clinico Loyola','2010-03-10','2011-11-21','02'),('000387','Francys Torres','01','Seguro',2000,'Cirugía','osteomielitis de falange pie Derecho JB-LL','Cancelada','Policlinica Carora C.A','2010-03-16','2010-04-30','11'),('000388','Hayde Graterol de Medina','01','Seguro',450,'Valoracion','Tx facial','Cancelada','Policlinica Carora C.A','2010-03-21','2010-05-21','09'),('000389','Emilberk Medina','01','Seguro',450,'Valoracion','Tx nasal','Cancelada','Policlinica Carora C.A','2010-03-21','2010-06-07','14'),('000390','Yesenia Zavarce','01','Seguro',1000,'Cirugía','Tu Frontal LL-JB','Cancelada','Policlinica Carora C.A','2010-04-06','2010-06-03','11'),('000391','Maria Elena Alvarez','01','Seguro',1000,'Cirugía','STC dedo en resorte LL-JB','Cancelada','Policlinica Carora C.A','2010-04-12','2010-06-23','11'),('000392','Minerva Adjunta','01','Seguro',1000,'Cirugía','Epicondilitis Codo  LL JB','Cancelada','Policlinica Carora C.A','2010-04-13','2010-06-23','11'),('000393','Lisbeth Josefina Castillo Chirinos','06','Seguro',2000,'Cirugía','Artroscopia de roldilla ','Cancelada','Clinica los Leones','2010-04-13','2010-09-08','11'),('000394','Elizaid Carrasco','01','Seguro',800,'Cirugía','Tu Falange 2do dedo pie derecho B-JB','Cancelada','Policlinica Carora C.A','2010-04-20','2010-06-03','05'),('000395','Honorio Paez','01','Seguro',1600,'Cirugía','Fx femur Bloq B-JB-LL','Cancelada','Policlinica Carora C.A','2010-04-20','2010-08-03','13'),('000396','Jesus Lozada','01','Efectivo',600,'Cirugía','Retiro de Matterial DHS B-JB','Cancelada','Policlinica Carora C.A','2010-04-20','2010-05-05',''),('000397','Emily Paola Gonzalez','01','Seguro',1200,'Cirugía','Dedeo en Resorte bilateral LL-JB','Cancelada','Policlinica Carora C.A','2010-05-05','2010-06-03','11'),('000398','Nancy Ramona Pina','01','Seguro',1200,'Cirugía','Enf D\"quervain LL-JB','Cancelada','Policlinica Carora C.A','2010-05-12','2010-08-03','11'),('000399','Efrain Zerpa','01','Seguro',1000,'Cirugía','Fx tobillo Izq B-JB','Cancelada','Policlinica Carora C.A','2010-05-10','2010-08-03','11'),('000400','Sara Camacho','01','Seguro',1200,'Cirugía','Enf D\"quervain','Cancelada','Policlinica Carora C.A','2010-05-18','2010-08-03','11'),('000401','Lewis Timaure','01','Seguro',1200,'Cirugía','Dedo en resorte LL-JB','Cancelada','Policlinica Carora C.A','2010-05-20','2010-08-03','11'),('000402','Yovanny Alvarez','01','Seguro',1200,'Cirugía','Tu Hombro derecho LL-JB','Cancelada','Policlinica Carora C.A','2010-05-24','2010-08-03','11'),('000403','Rafael Antonio Infante','01','Seguro',1200,'Cirugía','Retiro de Material de sintesis LL-JB','Cancelada','Policlinica Carora C.A','2010-06-10','2010-08-17','17'),('000313','Gladis Herrera','01','Efectivo',600,'Cirugía','Fx de Cadera Izq','Cancelada','Policlinica Carora C.A','2009-03-18','2009-03-20',''),('000315','Maria  PInto Zambrano','01','Seguro',1200,'Cirugía','Fx de cadera','Cancelada','Policlinica Carora C.A','2009-07-17','2009-07-22','01'),('000316','Asdrubal Torcates','01','Seguro',1000,'Cirugía','Retiro de Material de Sintesis','Cancelada','Policlinica Carora C.A','2009-04-04','2009-07-22','01'),('000317','Saturnino Gaona','01','Seguro',1200,'Cirugía','Fx de Femur','Cancelada','Policlinica Carora C.A','2009-04-23','2009-11-19','18'),('000318','Mercedes Goyo de Navas','01','Seguro',300,'Valoracion','Fx de Muñeca ','Cancelada','Policlinica Carora C.A','2009-04-21','2009-06-30','01'),('000319','Reinaldo Lopez','02','Seguro',3000,'Cirugía','Fx de Tibia derecha','Cancelada','Hospital Clinico Loyola','2009-04-23','2009-05-15','01'),('000320','Mria Cirila Pe;a','04','Seguro',1000,'Cirugía','Artroplastia de Cadera Derecha','Cancelada','Clinica La Trinidad','2009-05-09','2009-10-15','01'),('000321','Agueda Felipa Lopez','01','Seguro',800,'Cirugía','Fx de Cadera Izq','Cancelada','Policlinica Carora C.A','2009-04-30','2009-09-15','01'),('000322','Ageda Felipa Lopez','01','Seguro',2600,'Otros...','Material de Sintesis','Cancelada','Policlinica Carora C.A','2009-05-10','2010-06-20','01'),('000323','Ovalina Rodriguez','01','Efectivo',400,'Valoracion','Lumbalgia','Cancelada','Policlinica Carora C.A','2009-05-11','2009-05-12',''),('000324','Ana Beatriz Alvarez de Alvarez','01','Seguro',3000,'Cirugía','Fx de cadera Izq','Cancelada','Policlinica Carora C.A','2009-05-11','2009-07-30','01'),('000325','Otto Mosquera','01','Efectivo',150,'Valoracion','Tx de Hombro','Cancelada','Policlinica Carora C.A','2009-05-13','2009-05-15',''),('000326','Maria teresa Brito','01','Seguro',700,'Cirugía','Fx de Cadera','Cancelada','Policlinica Carora C.A','2009-06-05','2009-08-13','01'),('000328','Marilee Perez','01','Seguro',300,'Valoracion','Lumbalgia','Cancelada','Policlinica Carora C.A','2009-06-30','2010-06-20','01'),('000327','Jhonatan Rodriguez','01','Seguro',200,'Valoracion','Tx de Rodilla','Cancelada','Policlinica Carora C.A','2009-06-26','2010-06-20','02'),('000330','Saniher Verde','02','Seguro',350,'Valoracion','Gonalgia Izq','Cancelada','Hospital Clinico Loyola','2009-07-03','2009-09-02','02'),('000331','Dominga de Zambrano','01','Seguro',1000,'Cirugía','Fx de cadrea Izq','Cancelada','Policlinica Carora C.A','2009-07-08','2009-10-30','01'),('000332','Clinica Loyola','02','Efectivo',1800,'Otros...','Protesis de Thompson','Pendiente','Hospital Clinico Loyola','2009-07-08','2010-06-21',''),('000333','Milexa Bocaranda','02','Seguro',350,'Valoracion','Tx de Hombro Izq','Cancelada','Hospital Clinico Loyola','2009-07-10','2009-10-02','01'),('000334','Anderson Perez','01','Seguro',350,'Valoracion','Esguince de Tobillo','Cancelada','Policlinica Carora C.A','2009-07-10','2009-10-30','01'),('000336','Gerardo Suarez','01','Seguro',350,'Valoracion','Tx de Rodilla','Cancelada','Policlinica Carora C.A','2009-07-10','2009-12-31','01'),('000337','Andri Jose Aguilar','01','Seguro',350,'Valoracion','Tendinitis de Hombro','Cancelada','Policlinica Carora C.A','2009-07-12','2009-12-01','01'),('000338','Maria Elena Alvarez','02','Seguro',750,'Cirugía','Sinovitis de Rodilla','Cancelada','Hospital Clinico Loyola','2009-07-16','2009-10-30','01'),('000339','Maritza de Chirinos','02','Seguro',700,'Cirugía','Fx de Tobillo','Cancelada','Hospital Clinico Loyola','2009-07-15','2009-10-28','01'),('000404','Nayibe Alvarez','01','Seguro',1200,'Cirugía','Dedo en Resorte Mano derecha  LL-JB','Cancelada','Policlinica Carora C.A','2010-06-22','2010-08-03','11'),('000405','Vestalia Melendez','01','Seguro',1600,'Cirugía','Hemiprotesis de Cadera Izq  Ll-JB-B','Cancelada','Policlinica Carora C.A','2010-07-01','2010-09-09','11'),('000406','Yarileth Carrasco','01','Seguro',1200,'Cirugía','Quiste Sinovial Mano Izq LL-JB','Cancelada','Policlinica Carora C.A','2010-07-19','2010-09-09','11'),('000407','Francisco Carrasco','01','Seguro',3500,'Cirugía','Lesion Ligamento Rodilla Derecha JB-LL','Cancelada','Policlinica Carora C.A','2010-07-20','2010-09-09','11'),('000408','Josefa Melendez','01','Seguro',1200,'Cirugía','Cierre De Herida Brazo Izq LL-JB','Cancelada','Policlinica Carora C.A','2010-07-21','2010-10-11','11'),('000410','Leonardo Galban','01','Seguro',1800,'Otros...','Celulitis de Tobillo Izq','Cancelada','Policlinica Carora C.A','2010-07-24','2010-11-25','11'),('000411','Raiza Alvarado','01','Seguro',600,'Valoracion','Fx Falange pie izq','Cancelada','Policlinica Carora C.A','2010-07-24','2010-10-11','11'),('000412','Carlos Arroyo','01','Seguro',800,'Valoracion','Tx escoriacion rodilla Der','Cancelada','Policlinica Carora C.A','2010-07-24','2010-10-11','11'),('000413','Julio Cesar Moreno','01','Seguro',800,'Valoracion','Fx F1 Halux Pie Izq','Cancelada','Policlinica Carora C.A','2010-07-24','2010-12-22','08'),('000414','Luz Maria Crespo de Riera','01','Seguro',1200,'Cirugía','Enf. D´¨quervain Mano Der  LL-JB','Cancelada','Policlinica Carora C.A','2010-08-06','2010-11-25','11'),('000415','Carmen Z. Majano Cuicas','01','Seguro',1600,'Cirugía','Dedo en Resorte Bilateral  LL-JB','Cancelada','Policlinica Carora C.A','2010-08-06','2010-11-25','11'),('000416','Jhony Dorantes','01','Seguro',1200,'Cirugía','Tu dedo indice derecho  LL-JB','Cancelada','Policlinica Carora C.A','2010-08-06','2010-11-25','11'),('000417','Milixa Borges','01','Efectivo',280,'Cirugía','Cicatriz Queloides Brazo Derecho','Cancelada','Policlinica Carora C.A','2010-08-13','2010-08-18',''),('000418','Tenny Vasquez','01','Seguro',3000,'Cirugía','Tu mano derecho Granuloma  JB-LL','Cancelada','Policlinica Carora C.A','2010-08-13','2010-11-25','11'),('000419','Israel Chirinos','01','Seguro',3300,'Cirugía','Retiro de Material Sintesis Femur JB-LL','Cancelada','Policlinica Carora C.A','2010-08-13','2010-11-25','11'),('000420','Jose Rodriguez','01','Seguro',800,'Valoracion','Fx Cupula Radial Izq','Cancelada','Policlinica Carora C.A','2010-08-16','2010-10-16','19'),('000421','Alejandro Mejias','01','Seguro',550,'Valoracion','Lumbociatalgia ','Cancelada','Policlinica Carora C.A','2010-08-16','2010-11-12','05'),('000422','Maria Ibarra','01','Seguro',1000,'Valoracion','Fx MTT 1 Hallux Der','Cancelada','Policlinica Carora C.A','2010-08-16','2010-11-25','02'),('000423','Yesica Vargas','01','Seguro',1350,'Valoracion','Celulitis Pierna Der.','Cancelada','Policlinica Carora C.A','2010-08-17','2010-10-16','05'),('000424','Adalberto Pereira','01','Seguro',1000,'Valoracion','Fx base f1 5to dedo der','Cancelada','Policlinica Carora C.A','2010-08-18','2010-10-16','18'),('000425','Guadalupe Alvarez','01','Seguro',3500,'Valoracion','Lux-Fx escapulo Humeral Izq','Cancelada','Policlinica Carora C.A','2010-08-19','2010-10-20','20'),('000426','Ramon Abreu','01','Seguro',1000,'Valoracion','Herida en mano Der.','Cancelada','Policlinica Carora C.A','2010-08-19','2010-10-12','05'),('000427','Adys Suarez','01','Seguro',1200,'Cirugía','Lipoma Region dorsal LL-JB','Cancelada','Policlinica Carora C.A','2010-08-19','2010-11-25','11'),('000428','Norma Montes de Oca','01','Seguro',1000,'Cirugía','Callosidad Pie Izq LL-JB','Cancelada','Policlinica Carora C.A','2010-08-19','2010-11-25','11'),('000429','Eneida Melendez','01','Seguro',1200,'Cirugía','Dedo en Resorte Derecho LL-JB','Cancelada','Policlinica Carora C.A','2010-08-19','2010-11-25','11'),('000430','Zulay Ponce','01','Seguro',1200,'Cirugía','Enf D\'quervain Izq LL-JB','Cancelada','Policlinica Carora C.A','2010-08-19','2010-11-25','11'),('000431','Atala Zambrano','01','Seguro',3000,'Cirugía','Dedo en resorte mano Derecha JB-LL','Cancelada','Policlinica Carora C.A','2010-08-19','2010-11-25','11'),('000432','Ramona Perez Nieves','01','Seguro',1200,'Valoracion','Tu Frontal  LL-JB','Cancelada','Policlinica Carora C.A','2010-08-19','2010-11-25','11'),('000433','Jose NicolasTorbellos Campos','01','Seguro',900,'Valoracion','Esguince de Muñeca Derecha','Cancelada','Policlinica Carora C.A','2010-08-20','2011-07-31','11'),('000434','Pulio Riera','01','Efectivo',800,'Valoracion','Fx de Muñeca Izq','Cancelada','Policlinica Carora C.A','2010-08-20','2010-08-21',''),('000435','Nelida Perozo','01','Seguro',800,'Valoracion','Hombro doloroso Izq Tendinitis','Cancelada','Policlinica Carora C.A','2010-08-21','2010-10-16','05'),('000436','Jesus Dorantes','01','Seguro',800,'Valoracion','Tx Toracico Cerrado','Cancelada','Policlinica Carora C.A','2010-08-22','2010-11-25','11'),('000437','Julio Olarte','01','Efectivo',650,'Valoracion','Tx Lumbar','Cancelada','Policlinica Carora C.A','2010-08-22','2010-08-23',''),('000438','Miguel Borges','01','Seguro',1200,'Cirugía','Tu de Rodilla Izq','Cancelada','Policlinica Carora C.A','2010-08-26','2010-11-25','11'),('000439','Dilcia castellano','01','Seguro',1200,'Cirugía','Epicondilitis Codo Izq','Cancelada','Policlinica Carora C.A','2010-08-26','2010-11-25','11'),('000440','Cirila Fernandez','01','Seguro',1200,'Cirugía','Dedo en resorte Pulgar der','Cancelada','Policlinica Carora C.A','2010-08-26','2010-11-25','11'),('000451','Hipolito Rojas','01','Seguro',1200,'Cirugía','LL-JB','Cancelada','Policlinica Carora C.A','2010-10-10','2011-03-18','11'),('000452','Adela Guarecuco','01','Seguro',1200,'Cirugía','Fascitis Plantar','Cancelada','Policlinica Carora C.A','2010-11-11','2011-03-15','11'),('000453','Gregoria Campos','01','Seguro',1200,'Cirugía','Tu de Muñeca Izq  LL-JB','Cancelada','Policlinica Carora C.A','2010-11-23','2011-03-15','11'),('000454','Milagros Garcias','01','Seguro',1200,'Cirugía','Dedo en Resorte Mano Derecha LL-JB','Cancelada','Policlinica Carora C.A','2010-11-23','2011-03-15','11'),('000455','Juan Lopez','01','Seguro',1200,'Cirugía','Fx de tobillo Izq LL-JB','Cancelada','Policlinica Carora C.A','2010-11-26','2011-04-04','08'),('000456','Irma Gomez','01','Seguro',1200,'Cirugía','Epicondilitis Izq','Cancelada','Policlinica Carora C.A','2010-12-09','2011-05-05','07'),('000441','Alejandro  Mejias ','01','Efectivo',550,'Valoracion','TCE Leve','','Policlinica Carora C.A','2010-08-16','2010-11-12',''),('000443','Anthony Lugo','01','Seguro',800,'Cirugía','Fx de Tobillo','Cancelada','Policlinica Carora C.A','2010-09-14','2011-02-05','07'),('000444','Oscar Figueroa','01','Seguro',1200,'Cirugía','Dedo en Resorte','Cancelada','Policlinica Carora C.A','2010-09-22','2011-02-05','11'),('000445','Manuel Torcates','01','Seguro',1200,'Cirugía','Amputacion de dedo del pie izq LL-JB','Cancelada','Policlinica Carora C.A','2010-09-23','2011-02-05','11'),('000446','Jose Andueza','01','Seguro',1600,'Cirugía','Lesion tendinosa Muñeca Izq   JB-JB','Cancelada','Policlinica Carora C.A','2010-09-23','2010-12-22','05'),('000442','Mariannys Cabrera','01','Seguro',1600,'Cirugía','Dedo en Resorte Mano Der','Cancelada','Policlinica Carora C.A','2010-09-10','2011-03-18','11'),('000447','Eddie Graterol','01','Seguro',1200,'Cirugía','Tu   STC Muñeca  LL-JB','Cancelada','Policlinica Carora C.A','2010-10-19','2011-02-21','11'),('000448','Maria Rodriguez','01','Seguro',1200,'Cirugía','Fascitis Plantar Derecho  LL-JB','Cancelada','Policlinica Carora C.A','2010-10-19','2011-02-21','11'),('000449','Mariluz Suarez','01','Seguro',1200,'Cirugía','Epicondilitis de Codo Derecho LL-JB','Cancelada','Policlinica Carora C.A','2010-10-19','2011-02-21','11'),('000450','Alfredo Delgado','01','Seguro',1200,'Cirugía','Cicatriz Retractil Antebrazo Izq','Cancelada','Policlinica Carora C.A','2010-11-10','2011-03-18','11'),('000457','Lismary Dorante','01','Seguro',700,'Valoracion','Esguuince deTobillo Tx Rodilla','Cancelada','Policlinica Carora C.A','2011-02-14','2011-08-19','11'),('000458','Ernesto Vasquez','01','Seguro',900,'Valoracion','Amputacion Falange del pie izq','Cancelada','Policlinica Carora C.A','2011-02-15','2011-08-19','11'),('000459','Salvador Montero','01','Seguro',1200,'Cirugía','Artritis de Rodilla Izq. LL-JB','Cancelada','Policlinica Carora C.A','2011-02-16','2011-08-19','11'),('000460','Luis castillo Perez','01','Seguro',3000,'Cirugía','Artritis Septica Rodilla Izq. JB-LL','Cancelada','Policlinica Carora C.A','2011-02-16','2011-08-19','11'),('000461','Vilma Trujillo','01','Seguro',1200,'Cirugía','Dedo en Resorte','Cancelada','Policlinica Carora C.A','2011-02-16','2011-08-19','11'),('000494','Douglas Torres','01','Seguro',1600,'Cirugía','Herida por arma de fuego en tobillo der','Pendiente','Policlinica Carora C.A','2011-04-01','2011-05-11','01'),('000462','Ana sanchez','01','Seguro',450,'Valoracion','Fascitis Plantar IVP','Cancelada','Policlinica Carora C.A','2011-02-18','2011-05-09','05'),('000463','Hector Fernandez','01','Seguro',600,'Valoracion','Tx de Mano Derecha','Cancelada','Policlinica Carora C.A','2011-02-18','2011-06-18','01'),('000464','Jose Dorantes','01','Seguro',750,'Valoracion','Fx de Humero Izq','Cancelada','Policlinica Carora C.A','2011-02-18','2011-06-18','18'),('000465','Maria Carmona','01','Seguro',1200,'Valoracion','Esguince de Tobillo Izq','Cancelada','Policlinica Carora C.A','2011-02-19','2011-05-31','22'),('000466','Yeison Rico','01','Seguro',450,'Valoracion','Tx Cocix','Cancelada','Policlinica Carora C.A','2011-02-19','2011-06-18','01'),('000467','Thomas D´Santiago','01','Seguro',750,'Valoracion','Osteocondritis Bilateral Calcaneo','Cancelada','Policlinica Carora C.A','2011-02-19','2011-08-19','11'),('000468','Carlos Rodriguez','01','Seguro',1200,'Cirugía','Fx tobillo Izq','Cancelada','Policlinica Carora C.A','2011-02-19','2011-08-19','11'),('000469','Ricardo Faccin','01','Seguro',900,'Valoracion','Politraumatismo','Cancelada','Policlinica Carora C.A','2011-02-19','2011-06-18','21'),('000470','Carlos Arroyo','01','Seguro',2700,'Valoracion','Celulitis Talon Izq ','Cancelada','Policlinica Carora C.A','2011-02-21','2011-08-19','11'),('000471','Andy Morales','01','Seguro',600,'Valoracion','Tx de Muñeca Derecha','Cancelada','Policlinica Carora C.A','2011-02-21','2011-05-05','03'),('000473','Alberto Silva','01','Efectivo',200,'Valoracion','Lumbociatalgia','Cancelada','Policlinica Carora C.A','2011-02-21','2011-02-28',''),('000474','Ormary Rodriguez','01','Seguro',700,'Valoracion','Celulitis Rodilla','Cancelada','Policlinica Carora C.A','2011-03-10','2011-04-04','09'),('000475','Katiuska Alvarez','01','Efectivo',1000,'Cirugía','Retiro de Material de Sintesis Femur Izq','Cancelada','Policlinica Carora C.A','2011-03-11','2011-03-25',''),('000476','Antonio Camacho','01','Seguro',1000,'Cirugía','Artritis Septica de Rodilla Izq LL-JB','Cancelada','Policlinica Carora C.A','2011-03-11','2011-08-19','11'),('000477','Jesus Perez','01','Seguro',750,'Valoracion','Esguince Tobillo Izq','Cancelada','Policlinica Carora C.A','2011-03-24','2011-05-31','05'),('000478','Aleximar Cauro','01','Seguro',850,'Valoracion','Esguince tobillo der','Cancelada','Policlinica Carora C.A','2011-03-24','2011-06-18','02'),('000479','Alex Querales','01','Seguro',750,'Valoracion','Fx de codo derecho','Cancelada','Policlinica Carora C.A','2011-03-24','2011-08-19','23'),('000480','Victor Melendez','01','Seguro',900,'Valoracion','Fx de muñeca ','Cancelada','Policlinica Carora C.A','2011-03-24','2011-09-09','11'),('000481','Angela montilla','01','Seguro',550,'Valoracion','Tce Moderado','Cancelada','Policlinica Carora C.A','2011-03-24','2011-05-31','24'),('000482','Osmar Vento','01','Seguro',550,'Valoracion','Tce Mano y Codo der','Cancelada','Policlinica Carora C.A','2011-03-24','2011-05-31','24'),('000483','Jholmer Gonzalez','01','Seguro',950,'Valoracion','Fx Antebrazo Der','Cancelada','Policlinica Carora C.A','2011-03-24','2011-07-15','25'),('000484','Eskarthd Morales','01','Seguro',900,'Valoracion','Esguince de tobillo Izq','Cancelada','Policlinica Carora C.A','2011-03-24','2011-05-05','18'),('000485','Domingo Mendoza','01','Seguro',850,'Valoracion','Fx de Humero izq','Cancelada','Policlinica Carora C.A','2011-03-24','2011-09-09','26'),('000486','Dorkis Chaviel','01','Seguro',850,'Valoracion','Esguince Tobillo Izq','Cancelada','Policlinica Carora C.A','2011-03-24','2011-09-09','11'),('000487','Daniel Avila','01','Seguro',850,'Valoracion','Fx de cubito der','Cancelada','Policlinica Carora C.A','2011-03-24','2011-05-31','05'),('000488','Domingo Mendoza','01','Seguro',900,'Valoracion','Fx de Humero izq','Cancelada','Policlinica Carora C.A','2011-03-25','2011-09-09','26'),('000489','Blanca Avila','01','Seguro',800,'Valoracion','Tx de Rodilla Der','Cancelada','Policlinica Carora C.A','2011-03-26','2011-06-18','27'),('000490','Yamilet Garcia','01','Efectivo',850,'Valoracion','Esguince de Muñeca Der','Cancelada','Policlinica Carora C.A','2011-03-28','2011-04-15',''),('000491','Maxima nieves','01','Efectivo',450,'Valoracion','Fx de cadrea derecha','Cancelada','Policlinica Carora C.A','2011-03-28','2011-04-15','27'),('000492','Carlos Piñango','01','Seguro',650,'Valoracion','Sinovitis Cadera derecha','Cancelada','Policlinica Carora C.A','2011-03-29','2011-08-19','20'),('000493','Maira Alvarez','01','Seguro',850,'Valoracion','Herida por arma de fuego en talon Izq','Cancelada','Policlinica Carora C.A','2011-03-29','2011-09-09','11'),('000495','Graciela Martinez','01','Seguro',1200,'Cirugía','Ganglion Muñeca izq LL-JB','Cancelada','Policlinica Carora C.A','2011-04-05','2011-09-09','11'),('000496','Jose Piña','01','Efectivo',400,'Cirugía','Hematoma Mano Izq LL-JB','Cancelada','Policlinica Carora C.A','2011-04-14','2011-04-30',''),('000497','Penelope Gutierrez','01','Seguro',850,'Valoracion','Fx Intrarticular base Fll 5to dedo Mao der JB','Cancelada','Policlinica Carora C.A','2011-05-11','2011-06-18','05'),('000498','Osabel Arroyo','01','Seguro',950,'Valoracion','Esguince tobillo Izq JB','Cancelada','Policlinica Carora C.A','2011-05-11','2011-10-14','08'),('000499','Irma Sierra','01','Seguro',600,'Valoracion','Neuralgia de Trigemino JB','Cancelada','Policlinica Carora C.A','2011-05-11','2011-10-14','11'),('000500','Zoilo Freites','01','Seguro',700,'Valoracion','Tendinitis por Esfuerzo Hombro Izq JB','Cancelada','Policlinica Carora C.A','2011-05-11','2011-10-14','11'),('000501','Jaime Pernalete','01','Seguro',1000,'Valoracion','Fx 1 MTC mano Izq Heridas Multiples JB','Cancelada','Policlinica Carora C.A','2011-05-11','2011-07-29','01'),('000502','Jose Luis Melendez','01','Seguro',1000,'Valoracion','TCE Esguince Tobillo Izq JB','Cancelada','Policlinica Carora C.A','2011-05-11','2011-10-14','08'),('000503','Francis Gallardo de Adjunta','01','Seguro',1600,'Cirugía','Fx de tobillo Derecho JB-JB-LL','Cancelada','Policlinica Carora C.A','2011-05-12','2011-10-14','11'),('000504','Enma Lopez de Arroyo','01','Seguro',1200,'Cirugía','Fx de cadera derecha Hemiartroplastia ICH-JB-JB','Cancelada','Policlinica Carora C.A','2011-05-13','2011-07-29','01'),('000505','Gnesis Rodriguez Tua','01','Seguro',800,'Cirugía','Dedo en resorte congenito pulgar JB-JB','Cancelada','Policlinica Carora C.A','2011-05-13','2011-10-14','11'),('000506','Gilber Javier Bravo Gil','01','Seguro',600,'Valoracion','Tx Cervico Dorsal Simple JB','Cancelada','Policlinica Carora C.A','2011-05-13','2011-10-14','11'),('000507','Maria Elisa Penzo','01','Seguro',1200,'Valoracion','Fx Cubito Radio Derecho JB','Cancelada','Policlinica Carora C.A','2011-05-13','2011-06-18','18'),('000508','Maria Alejandra Lujan Chavez','01','Seguro',600,'Valoracion','Sub luxacion de codo Izq JB','Cancelada','Policlinica Carora C.A','2011-05-14','2011-08-19','14'),('000509','Ismael Gutierrez','01','Seguro',1000,'Valoracion','Esguince Tobillo Derecho JB','Cancelada','Policlinica Carora C.A','2011-05-14','2011-07-29','28'),('000510','Ronny Gutierrez','01','Seguro',1200,'Valoracion','Fx Completa Falange dedo Anular Der','Cancelada','Policlinica Carora C.A','2011-05-23','2011-08-19','09'),('000511','Yubari Umbria','01','Seguro',1200,'Valoracion','Fx Muñeca Izq','Cancelada','Policlinica Carora C.A','2011-05-23','2011-07-15','04'),('000512','Rafael Vasquez ','01','Efectivo',1600,'Cirugía','Fx de Tobillo','Cancelada','Policlinica Carora C.A','2011-06-14','2011-06-30',''),('000513','Gloria Gonzalez','01','Seguro',700,'Valoracion','Discopatia Lumbar','Pendiente','Policlinica Carora C.A','2011-06-20','2011-07-02','29'),('000514','Erika Rosanna Pineda Navas','01','Seguro',850,'Valoracion','Esguince Tobillo Izq.','Cancelada','Policlinica Carora C.A','2011-06-02','2011-10-14','30'),('000515','Luis Querales','01','Seguro',1000,'Valoracion','Fx de Muñeca Derecha','Cancelada','Policlinica Carora C.A','2011-06-20','2011-09-21','01'),('000516','Ronaldo Villalobos','01','Seguro',1000,'Valoracion','Fx  de Muñeca Der Epifisis Distal de Radio','Cancelada','Policlinica Carora C.A','2011-06-22','2011-08-19','05'),('000517','Michel Camacaro','01','Seguro',3500,'Cirugía','Scalp De Tobillo Derecho','Cancelada','Policlinica Carora C.A','2011-06-23','2011-09-09','18'),('000518','Mirian de Atencio','01','Seguro',850,'Valoracion','Esguince de Tobillo Izq','Cancelada','Policlinica Carora C.A','2011-06-02','2011-09-09','18'),('000519','Olga Arroyo','01','Seguro',1200,'Valoracion','Esguince de Tobillo Der','Pendiente','Policlinica Carora C.A','2011-06-26','2011-07-02','31'),('000546','Miguel Angel Diaz','02','Efectivo',2000,'Cirugía','Fx de femur Derecho  JV-JB','Cancelada','Hospital Clinico Loyola','2011-09-09','2011-09-16',''),('000522','Edie Medina','01','Efectivo',800,'Valoracion','Fx de tobillo Izq Esguince','Cancelada','Policlinica Carora C.A','2011-06-27','2011-07-15','25'),('000523','Norexis Jose Querales','01','Seguro',1200,'Valoracion','Fx de Ceja Post Tibia Derecha','Pendiente','Policlinica Carora C.A','2011-06-27','2011-07-02','11'),('000524','Alicia Blanco de Jimenez','01','Efectivo',600,'Valoracion','TCE Leve','Cancelada','Policlinica Carora C.A','2011-06-27','2011-07-15',''),('000525','Juan Gonzalez','01','Seguro',3000,'Cirugía','Luxacion Escapulo Humeral Izq','Cancelada','Policlinica Carora C.A','2011-06-27','2011-09-21','09'),('000526','Richard Gordillo','01','Seguro',4000,'Cirugía','Fx epifisiolisis de femur distal Der','Pendiente','Policlinica Carora C.A','2011-06-27','2011-07-02','11'),('000527','Ricardo Melendez','01','Seguro',1100,'Valoracion','Fx  Falange MultiFrag dedo Indice Der','Cancelada','Policlinica Carora C.A','2011-06-29','2011-09-21','01'),('000528','Policlinica Carora','01','Efectivo',300,'Otros...','Material de Sintesis','Cancelada','Policlinica Carora C.A','2011-06-29','2011-07-12',''),('000529','Richard  Gordillo','01','Seguro',1500,'Valoracion','Fx de Femur Distal Post operatorio','Cancelada','Policlinica Carora C.A','2011-07-01','2011-09-21','01'),('000530','Oliver Verde','01','Seguro',800,'Cirugía','Fx  de falange Derecho','Cancelada','Policlinica Carora C.A','2011-07-01','2011-12-20','32'),('000531','Juan Bastidas','01','Seguro',550,'Valoracion','Fx  Nasal','Cancelada','Policlinica Carora C.A','2011-07-25','2011-11-18','02'),('000532','Mervin Ortegano','01','Seguro',850,'Valoracion','Elongacion de LL Rodilla Izq','Cancelada','Policlinica Carora C.A','2011-07-25','2011-10-14','05'),('000533','Rosa Garcia','01','Seguro',650,'Valoracion','Esguyince de tobillo Izq','Cancelada','Policlinica Carora C.A','2011-07-26','2011-10-14','28'),('000534','Mirla Gonzalez','01','Seguro',700,'Valoracion','Fx Muñeca','Cancelada','Policlinica Carora C.A','2011-07-28','2011-10-14','01'),('000535','Aracelis Suarez','01','Seguro',900,'Valoracion','Esguince tobillo Der','Cancelada','Policlinica Carora C.A','2011-07-30','2011-10-14','18'),('000536','Henry leal','01','Seguro',800,'Valoracion','Fx  Clavicula Izq.','Cancelada','Policlinica Carora C.A','2011-07-30','2011-11-18','05'),('000537','Manuel Duno','01','Efectivo',700,'Valoracion','Fx de calcaneo Der','Cancelada','Policlinica Carora C.A','2011-08-01','2011-08-15',''),('000538','Jose Rojas','0','Seguro',3500,'Cirugía','Fx de Antebrazo derecho','Cancelada','Policlinica Carora C.A','2011-07-31','2011-10-14','33'),('000539','Policlinica Carora','01','Efectivo',150,'Otros...','Material de Sintesis Alambres','Cancelada','Policlinica Carora C.A','2011-07-31','2011-08-17',''),('000540','Zaida Chavez','01','Seguro',850,'Valoracion','Fx  de maleolo Peroneal Der','Cancelada','Policlinica Carora C.A','2011-08-04','2011-12-20','11'),('000542','Henry Vasquez','01','Seguro',550,'Valoracion','TCE Leve','Cancelada','Policlinica Carora C.A','2011-08-04','2011-12-20','11'),('000543','Rosa Alvarez','01','Seguro',800,'Cirugía','Rechazo de Material de Sintesis de Tobillo','Cancelada','Policlinica Carora C.A','2011-08-08','2011-12-20','11'),('000544','Acacio Medina','01','Efectivo',400,'Cirugía','Rachazo de Material de sintesis de muñeca','Cancelada','Policlinica Carora C.A','2011-08-08','2011-08-16',''),('000521','Minerva Sanchez','01','Seguro',600,'Valoracion','Cervicobraquialgia','Pendiente','Policlinica Carora C.A','2011-06-26','2011-08-28','29'),('000547','Alberto Verde','02','Seguro',4000,'Cirugía','Pies Cosmetico Bilateral   JB-JV','Cancelada','Hospital Clinico Loyola','2011-09-09','2012-02-06','11'),('000548','Luis Atienzo','01','Seguro',700,'Valoracion','TCE Leve','Cancelada','Policlinica Carora C.A','2011-09-09','2011-07-31','01'),('000549','Israel Flores','01','Seguro',2800,'Cirugía','Tu antebrazo Izq  JB-LL','Cancelada','Policlinica Carora C.A','2011-09-09','2012-04-03','11'),('000550','Florencio Perez','01','Seguro',2800,'Cirugía','DEdo en Resorte Izq','Cancelada','Policlinica Carora C.A','2011-09-09','2012-04-03','11'),('000551','Gregory Amaro','01','Seguro',1400,'Valoracion','Esguince Tobillo Izq','Cancelada','Policlinica Carora C.A','2011-09-09','2011-12-20','01'),('000552','Nexelis Covis','01','Seguro',100,'Valoracion','Tx simple de pie Izq','Pendiente','Policlinica Carora C.A','2011-09-09','2011-09-11','05'),('000553','Freddy Crespo','01','Seguro',900,'Valoracion','TCE-Sx Latigazo_Tx Hombro Izq','Cancelada','Policlinica Carora C.A','2011-09-10','2012-04-03','11'),('000554','Richard Camacaro','01','Efectivo',600,'Valoracion','TCE simple_ Tx hombro Der','Cancelada','Policlinica Carora C.A','2011-09-10','2011-09-30',''),('000555','Justo Rodriguez','01','Seguro',1400,'Valoracion','Fx de Cupula Radial der','Pendiente','Policlinica Carora C.A','2011-09-10','2011-09-11','11'),('000556','Oswaldo Alvarez','01','Seguro',1800,'Valoracion','TCE-Heridas Multiples','Pendiente','Policlinica Carora C.A','2011-09-10','2011-09-11','09'),('000559','Arcenia Ramona Mendoza de Torres','01','Efectivo',1800,'Otros...','Protesis de Thompson 41','Cancelada','Policlinica Carora C.A','2011-09-09','2011-09-09',''),('000560','Rolando Urrieta','01','Seguro',2000,'Cirugía','Retiro de material de sintesis','Cancelada','Policlinica Carora C.A','2011-09-16','2011-06-08','29'),('000561','Nemecia de Jesus Rojas','01','Efectivo',2000,'Otros...','Protesis Thompson 41','Cancelada','Policlinica Carora C.A','2011-09-23','2011-09-23',''),('000562','Yorki Rojas','01','Seguro',1200,'Cirugía','Epicondilitis','Pendiente','Policlinica Carora C.A','2011-10-01','2011-11-28','07'),('000565','Rixio rodriguez','01','Seguro',4800,'Cirugía','Fx abierta de tibia femur izq','Pendiente','Policlinica Carora C.A','2011-10-13','2011-11-28','20'),('000566','Carlos Vasquez','01','Seguro',850,'Valoracion','Tx Facial -Nasal','Pendiente','Policlinica Carora C.A','2011-11-28','2012-01-08','34'),('000567','Gioconda Reyes','01','Seguro',1500,'Valoracion','Fx Radio Derecho','Cancelada','Policlinica Carora C.A','2011-11-28','2012-06-08','29'),('000568','Henry Infante','01','Seguro',1500,'Valoracion','Fx de Radio Derecho','Pendiente','Policlinica Carora C.A','2011-11-28','2012-01-08','01'),('000569','Blanca Riera','01','Seguro',700,'Valoracion','TCE Tx simple pelvis','Cancelada','Policlinica Carora C.A','2011-11-30','2012-05-11','11'),('000570','Maria Leal de Gomez','01','Seguro',800,'Valoracion','TCE-Tx pelvis','Pendiente','Policlinica Carora C.A','2011-11-30','2012-01-08','05'),('000571','Elizabeth Cuicas','01','Seguro',1300,'Valoracion','Esguince Tobillo derecho','Cancelada','Policlinica Carora C.A','2011-12-01','2012-06-08','11'),('000572','Yenny Gimenez','01','Seguro',1000,'Valoracion','Fx falange mano derecha','Pendiente','Policlinica Carora C.A','2011-12-01','2012-01-08','05'),('000573','Maria Figueroa','01','Seguro',750,'Valoracion','Tx Rodilla derecha elongacion','Cancelada','Policlinica Carora C.A','2011-12-02','2012-05-11','11'),('000576','Maria Melendez','01','Seguro',750,'Valoracion','Tx de pie derecho','Cancelada','Policlinica Carora C.A','2011-12-02','2012-04-03','05'),('000577','Yorbelis Moreno ','01','Efectivo',500,'Valoracion','Tx Rodilla Derecha','Cancelada','Policlinica Carora C.A','2011-12-11','2012-01-15',''),('000557','Javier Lozada','01','Seguro',1000,'Valoracion','Lumbociatalgia','Pendiente','Policlinica Carora C.A','2011-09-10','2012-01-08','02'),('000558','Elena Gutierrez','01','Seguro',1300,'Valoracion','Fx de Epicondilo Izq','Pendiente','Policlinica Carora C.A','2011-09-11','2012-01-08','05'),('000578','Freddy Perez','02','Efectivo',600,'Valoracion','amputacion de falange derecha','Cancelada','Hospital Clinico Loyola','2011-12-03','2011-12-09',''),('000579','Willy Oviedo','01','Seguro',1500,'Valoracion','Fx base 5to MTC mano derecha','Cancelada','Policlinica Carora C.A','2012-01-10','2012-08-31','28'),('000581','Yulianni Davila','01','Seguro',900,'Valoracion','Fx espina ciatica Izq','Pendiente','Policlinica Carora C.A','2012-01-10','2012-01-14','02'),('000582','Orangel Torres','01','Seguro',850,'Valoracion','Fx costal Izq.','Cancelada','Policlinica Carora C.A','2012-01-10','2012-08-31','35'),('000583','Rafaele Sofia Alvarez','01','Seguro',850,'Valoracion','Fx de cadera Izq','Pendiente','Policlinica Carora C.A','2012-01-10','2012-01-14','23'),('000604','Pedro gonzalez','01','Efectivo',1200,'Cirugía','Fx de Tibia Izq. JB-JB-LL','Pendiente','Policlinica Carora C.A','2012-02-03','2012-11-22',''),('000606','Rafael Melendez','01','Seguro',650,'Valoracion','Lumbociatalgia','Cancelada','Policlinica Carora C.A','2012-02-14','2012-05-31','03'),('000584','Jose Andres Andueza','01','Seguro',2500,'Cirugía','Celulitis pierna Izq','Cancelada','Policlinica Carora C.A','2012-01-10','2012-08-31','11'),('000585','Teresa de Jesus Rojas','01','Seguro',1500,'Valoracion','Fx de Humero Izq','Cancelada','Policlinica Carora C.A','2012-01-10','2012-08-31','28'),('000586','Irenia Gonzalez','01','Seguro',850,'Valoracion','Cervicobraquialgia','Cancelada','Policlinica Carora C.A','2012-01-10','2012-08-31','01'),('000587','Jesus Bastidas','01','Seguro',1000,'Valoracion','Fx de clavicula izq','Cancelada','Policlinica Carora C.A','2012-01-10','2012-07-13','11'),('000588','Valentina del Zoppo Lameda','01','Seguro',1300,'Valoracion','Esguince tibio tarsiano derecho','Pendiente','Policlinica Carora C.A','2012-01-11','2012-01-14','36'),('000589','Hilda de Aponte','01','Efectivo',1200,'Cirugía','Artroplastia de cadera Derecha','Pendiente','Policlinica Carora C.A','2012-01-12','2012-01-14',''),('000590','Elbia Noguera','01','Seguro',900,'Valoracion','Esguince de tobillo derecho','Cancelada','Policlinica Carora C.A','2012-01-13','2012-05-11','05'),('000591','Jesus Alvarado','01','Seguro',900,'Valoracion','Esguince de tobillo','Pendiente','Policlinica Carora C.A','2012-01-13','2012-01-14','02'),('000592','Carmen Silva','01','Seguro',600,'Valoracion','Mal perforante plantar izq','Cancelada','Policlinica Carora C.A','2012-01-13','2012-06-08','11'),('000593','Recano Chan','01','Efectivo',900,'Valoracion','Fx de Calcaneo Izq','Pendiente','Policlinica Carora C.A','2012-01-13','2012-01-14',''),('000594','Rosa Noriega','01','Seguro',900,'Valoracion','Esguince tobillo Izq','Pendiente','Policlinica Carora C.A','2012-01-13','2012-01-14','37'),('000595','Alberto Alvarez','01','Seguro',850,'Valoracion','Tx codo derecho','Cancelada','Policlinica Carora C.A','2012-01-14','2012-05-11','05'),('000596','Aura Bustamante','01','Seguro',1200,'Valoracion','Esguince tobillo Derecho','Pendiente','Policlinica Carora C.A','2012-01-14','2012-01-14','11'),('000597','Maria Riera','01','Efectivo',600,'Valoracion','Fx de cadera Izq iliopubica','Pendiente','Policlinica Carora C.A','2012-01-14','2012-01-14',''),('000598','Jose Melendez','01','Seguro',1200,'Valoracion','Esguince de tobillo Izq','Cancelada','Policlinica Carora C.A','2012-01-14','2012-05-31','18'),('000600','Pastora Navas','01','Seguro',500,'Valoracion','Ulcera Sacra','Cancelada','Policlinica Carora C.A','2012-01-15','2012-05-11','05'),('000601','Mariali Bravo','01','Seguro',1600,'Cirugía','Dedo en resorte ','Cancelada','Policlinica Carora C.A','2012-01-23','2012-08-31','11'),('000602','Jose Gregorio Lameda','01','Seguro',2000,'Cirugía','Fx de Clavicula Izq.','Pendiente','Policlinica Carora C.A','2012-01-23','2012-02-03','18'),('000603','Maliani Reyes','01','Seguro',700,'Valoracion','Tx Nasal','Pendiente','Policlinica Carora C.A','2012-01-29','2012-02-03','14'),('000605','Yoselin Ascanio','01','Seguro',1100,'Valoracion','Fx dedo anular derecho','Pendiente','Policlinica Carora C.A','2012-02-03','2012-02-03','08'),('000607 ','Carlos Leon','01','Seguro',750,'Valoracion','Fx 4to dedo mano Izq','Cancelada','Policlinica Carora C.A','2012-02-14','2012-05-31','01'),('000608','Luis Adjunta Rico','01','Seguro',1000,'Valoracion','Esguince Tobillo Izq Tendinitis Post-Tx','Cancelada','Policlinica Carora C.A','2012-02-14','2012-05-22','18'),('000609','Jose Martinez','01','Seguro',650,'Valoracion','Esguince tobillo Izq','Pendiente','Policlinica Carora C.A','2012-02-15','2012-08-08','19'),('000610','Emilia Mosquera','01','Seguro',5000,'Cirugía','Fx de pilon Tibial','Cancelada','Policlinica Carora C.A','2012-02-16','2012-08-21','07'),('000611','Policlinica Carora','01','Efectivo',300,'Otros...','Placa 1/3 de caña 6 orificios mas tornillos','Pendiente','Policlinica Carora C.A','2012-02-16','2012-11-22',''),('000612','Daniel Alvarez','01','Seguro',1200,'Valoracion','Fx de Humero derecho','Cancelada','Policlinica Carora C.A','2012-02-18','2012-08-31','01'),('000613','Victoria Rodriguez','01','Seguro',10000,'Cirugía','Fx Abierta de ambas tibias','Cancelada','Policlinica Carora C.A','2012-02-18','2012-05-31','05'),('000615','Edelia Marcolina de Suarez','01','Seguro',1600,'Cirugía','Protesis de Cadera Izq','Cancelada','Policlinica Carora C.A','2012-02-27','2012-08-31','01'),('000616','Policlinica Carora','01','Efectivo',1000,'Otros...','Material de Sintesis','Pendiente','Policlinica Carora C.A','2012-02-27','2012-11-22',''),('000617','Policlinica Carora ','01','Efectivo',200,'Otros...','Material de sintesis','Pendiente','Policlinica Carora C.A','2012-02-29','2012-11-22',''),('000618','Richard Gordillo','01','Seguro',2500,'Cirugía','Retiro de material de Sintesis Femur Der','Cancelada','Policlinica Carora C.A','2012-03-01','2012-08-31','01'),('000619','Juan carlos torrealba','01','Seguro',2000,'Cirugía','Lesion meniscal Rodilla Izq','Pendiente','Policlinica Carora C.A','2012-03-19','2012-11-22','18'),('000620','Gerardo Montero','01','Seguro',700,'Valoracion','Luxacion de Rotula Der','Cancelada','Policlinica Carora C.A','2012-03-19','2012-05-31','05'),('000621','Laura Suarez','01','Seguro',700,'Valoracion','Esquince tobillo Der','Cancelada','Policlinica Carora C.A','2012-03-20','2012-05-31','05'),('000622','Dugarda Picareti','01','Efectivo',1600,'Cirugía','Fxde Cadera Izq Hemiartroplastia','Pendiente','Policlinica Carora C.A','2012-03-23','2012-11-22',''),('000623','Isabel Jimenez','01','Seguro',1200,'Valoracion','Esguince tobillo Izq','Cancelada','Policlinica Carora C.A','2012-03-23','2012-08-08','14'),('000624','Misley Ladino','01','Seguro',1300,'Valoracion','Esquince tobillo Izq','Cancelada','Policlinica Carora C.A','2012-03-23','2012-08-31','01'),('000625','Jose torres','01','Seguro',1200,'Valoracion','Tx de rodilla Der','Cancelada','Policlinica Carora C.A','2012-03-23','2012-05-31','05'),('000626','Esther Melendez','01','Seguro',900,'Valoracion','Fx de Humero Izq','Cancelada','Policlinica Carora C.A','2012-03-23','2012-12-03','11'),('000627','Jose Palencia','01','Seguro',3500,'Cirugía','Lux  MTC Falangica Mano Izq','Pendiente','Policlinica Carora C.A','2012-03-23','2012-05-31','05'),('000628','Jose Duno','01','Seguro',800,'Valoracion','Esguince tobillo Izq','Cancelada','Policlinica Carora C.A','2012-03-24','2012-06-08','38'),('000630','Diego Nieves ','01','Seguro',1100,'Valoracion','Prono Doloroso der','Cancelada','Policlinica Carora C.A','2012-03-24','2012-05-31','01'),('000631','Norelis Medina','01','Seguro',1200,'Valoracion','Esguince Tobillo Izq','Cancelada','Policlinica Carora C.A','2012-03-24','2012-12-03','11'),('000635','Ebleiker Gonzalez','01','Efectivo',600,'Valoracion','Tx Facial','Cancelada','Policlinica Carora C.A','2012-03-25','2012-04-30',''),('000636','Maria Alvarez','01','Seguro',800,'Valoracion','Fx de Humero','Cancelada','Policlinica Carora C.A','2012-03-28','2012-08-08','09'),('000637','Elio Jose Palacios','01','Seguro',1100,'Valoracion','Esguince de Tobillo Derecho','Cancelada','Policlinica Carora C.A','2012-03-28','2011-06-08','39'),('000638','Jhoan Bridembank','01','Efectivo',800,'Valoracion','Tx simple de Rodilla Izq','Cancelada','Policlinica Carora C.A','2012-03-28','2012-04-30',''),('000639','Oswaldo Oropeza','01','Seguro',3500,'Cirugía','Luxacion de Hombro Izq','Cancelada','Policlinica Carora C.A','2012-03-28','2012-12-03','11'),('000640','Paola D\'Pelino','01','Seguro',800,'Valoracion','Tx Malar Izq','Cancelada','Policlinica Carora C.A','2012-03-28','2012-08-08','12'),('000641','Elba Crespo','01','Seguro',1100,'Valoracion','Fx base 5to MTT Izq','Cancelada','Policlinica Carora C.A','2012-04-23','2012-08-08','09'),('000642','Pedro Corobo','01','Seguro',1000,'Valoracion','Elongacion de Ligamento rodilla izq','Cancelada','Policlinica Carora C.A','2012-04-23','2012-07-13','09'),('000643','Leo Martinez','01','Seguro',800,'Valoracion','Lumbociatalgia Izq','Cancelada','Policlinica Carora C.A','2012-04-26','2012-07-13','05'),('000644','Cristian Pereira','01','Seguro',1200,'Valoracion','Fxde muñeca der-TCE Simpe','Cancelada','Policlinica Carora C.A','2012-04-26','2012-05-30','18'),('000645','Carla Mendoza','01','Seguro',1200,'Valoracion','Esguince Tobillo Izq','Cancelada','Policlinica Carora C.A','2012-04-26','2012-08-08','40'),('000646','Milagros Emilia Montero Pereira','01','Seguro',850,'Valoracion','Fx dedo medio mano der','Cancelada','Policlinica Carora C.A','2012-04-27','2012-12-03','11'),('000647','Jose A Blanco Pinzon','01','Seguro',2400,'Valoracion','Fx de Femur Izq','Cancelada','Policlinica Carora C.A','2012-05-11','2013-08-27','41'),('000648','Humberto Castro','01','Seguro',800,'Valoracion','Lux Hombro derecho','Cancelada','Policlinica Carora C.A','2012-06-04','2012-08-31','05'),('000649','Ivenioski Gamarra','01','Seguro',850,'Valoracion','Esguince tobillo Der','Cancelada','Policlinica Carora C.A','2012-06-04','2012-08-31','42'),('000650','Mirla Perez','01','Seguro',4000,'Valoracion','Epicondilitis Codo der.JB-LL','Cancelada','Policlinica Carora C.A','2012-06-05','2013-02-05','11'),('000651','Dalia Melendez','01','Seguro',850,'Valoracion','Hemartrosis Rodilla derecha','Pendiente','Policlinica Carora C.A','2012-06-05','2012-12-03','11'),('0006523','','01','Seguro',800,'Valoracion','Txde Muñeca Der.','Pendiente','Policlinica Carora C.A','2012-06-05','2012-12-03','03'),('000654','Raiger Amaro','01','Seguro',900,'Valoracion','Txde rodilla Der. Esguince Tobillo Der','Pendiente','Policlinica Carora C.A','2012-06-06','2012-12-03','43'),('000655','Audilia Piña','01','Seguro',800,'Valoracion','Tx Lumbo Sacro','Cancelada','Policlinica Carora C.A','2012-06-06','2013-02-05','11'),('000656','Adolia Suarez de Campos','01','Efectivo',800,'Cirugía','Fx de cadera Der. JB-JB','Cancelada','Policlinica Carora C.A','2012-06-06','2012-06-30',''),('000657','Italo Moron','01','Seguro',850,'Valoracion','Tx de Hombre Der.-TendoBursitis','Cancelada','Policlinica Carora C.A','2012-06-06','2013-02-05','11'),('000659','Jose camacaro','01','Seguro',900,'Valoracion','Sx Latigazo Fx de Muñeca','Cancelada','Policlinica Carora C.A','2012-06-06','2013-02-05','11'),('000660','Lara medina','01','Seguro',850,'Valoracion','Osteocondritis tobillo Der','Cancelada','Policlinica Carora C.A','2012-06-06','2012-08-31','22'),('000661','Luis Alvarado','01','Seguro',800,'Valoracion','Tx de Rodilla Izq','Cancelada','Policlinica Carora C.A','2012-06-07','2012-08-31','22'),('000662','Monica Oropeza','01','Seguro',900,'Valoracion','Esguince Izq','Cancelada','Policlinica Carora C.A','2012-07-03','2012-12-03','05'),('000663','Alirio Rodriguez','01','Seguro',800,'Valoracion','Tx simple de rodilla der','Pendiente','Policlinica Carora C.A','2012-07-04','2012-09-20','24'),('000664','Aida Rodriguez de crespo','01','Seguro',850,'Valoracion','Tx Hombro Izq','Cancelada','Policlinica Carora C.A','2012-07-05','2013-04-04','11'),('000665','Carmen Cañizales de Melendez','01','Seguro',1200,'Valoracion','Eguince tobillo Der.','Cancelada','Policlinica Carora C.A','2012-07-05','2013-04-04','11'),('000666','Guiseppe Groso','01','Efectivo',950,'Valoracion','Fx de Tobillo Der','Cancelada','Policlinica Carora C.A','2012-07-08','2012-07-10',''),('000667','Ciria Morales','01','Seguro',7000,'Cirugía','Fxde cadera Izq','Pendiente','Policlinica Carora C.A','2012-07-10','2012-12-04','09'),('000669','Edgar Herrera','01','Seguro',1200,'Valoracion','Esguince derecho tobillo','Cancelada','Policlinica Carora C.A','2012-07-19','2013-01-04','22'),('000670','Jhoanny Nieves','01','Seguro',850,'Valoracion','Tx Hombro Izq','Cancelada','Policlinica Carora C.A','2012-07-19','2013-01-04','22'),('000671','Lucia de Morillo','01','Seguro',1200,'Valoracion','Esguince tobillo Izq','Cancelada','Policlinica Carora C.A','2012-07-19','2013-01-04','22'),('000672','Gregoria Nelo Ballestero','01','Seguro',4000,'Cirugía','Epicondilitis Codo der','Pendiente','Policlinica Carora C.A','2012-07-19','2012-12-04','11'),('000673','Victoria de Crespo','01','Seguro',7000,'Cirugía','Fx  de tibia Izq reintervencion','Pendiente','Policlinica Carora C.A','2012-07-27','2012-12-04','05'),('000674','Maria Soto','01','Seguro',1200,'Valoracion','Fx de Muñeca Izq','Cancelada','Policlinica Carora C.A','2012-08-07','2013-01-21',''),('000675','Juan Pastran','01','Seguro',600,'Valoracion','Tx Simple de Rodilla Der','Cancelada','Policlinica Carora C.A','2012-08-10','2013-01-04',''),('000676','Juan Vasquez','01','Seguro',600,'Valoracion','Tx simple de Hombro izq','Cancelada','Policlinica Carora C.A','2012-08-10','2013-01-04',''),('000677','Anthony Barrios','01','Seguro',1500,'Valoracion','Esguince tobillo der','Cancelada','Policlinica Carora C.A','2012-10-15','2013-02-05','01'),('000678','Teodora Parra','01','Seguro',700,'Valoracion','Tx simple de rodilla Izq','Cancelada','Policlinica Carora C.A','2012-10-16','2013-12-05','01'),('000679','Dario Cardozo','01','Seguro',4000,'Cirugía','Luxacion de Hombro Izq','Cancelada','Policlinica Carora C.A','2012-10-16','2013-02-05','09'),('000680','Elsa Rodriguez','01','Seguro',900,'Valoracion','Fx de Humero Der ','Cancelada','Policlinica Carora C.A','2012-10-16','2013-06-20','44'),('000681','Carlos Jose Duran ','01','Efectivo',2000,'Valoracion','Fx abierta de femur der','Cancelada','Policlinica Carora C.A','2012-10-19','2012-10-30',''),('000682','Camila Gomez','01','Seguro',1500,'Valoracion','Fx de muñeca der','Cancelada','Policlinica Carora C.A','2012-10-19','2013-02-05','28'),('000683','Adita Maria Perez Gallardo','01','Seguro',750,'Valoracion','Fx de Humero izq','Cancelada','Policlinica Carora C.A','2012-10-19','2013-04-23','11'),('000684','Gerardo Valenzuela','01','Seguro',600,'Valoracion','Tx de Rodilla Izq','Cancelada','Policlinica Carora C.A','2012-10-19','2012-12-15','45'),('000685','Anabella Delzoppo','01','Efectivo',1200,'Valoracion','F del 1er falange mano Izq','Cancelada','Policlinica Carora C.A','2012-10-19','2012-10-30',''),('000687','Jesus Marquez','01','Seguro',1500,'Valoracion','Esguince de tobillo Izq','Cancelada','Policlinica Carora C.A','2012-10-19','2013-05-15','02'),('000688','Xavier Alvarez','01','Seguro',6000,'Cirugía','Fx de tobillo Izq  JB-LL','Pendiente','Policlinica Carora C.A','2012-10-20','2012-12-04','11'),('000689','Dora de Alvarez','01','Seguro',1500,'Valoracion','Esguince del medio tarso der','Cancelada','Policlinica Carora C.A','2012-10-20','2013-04-23','11'),('000690','Angel Villanueva Melendez','01','Seguro',4500,'Cirugía','Fx Lux de hombro der','Cancelada','Policlinica Carora C.A','2012-10-22','2013-02-22','11'),('000692','Eustoquio Marchan','01','Efectivo',850,'Valoracion','Tx de Rodilla Izq','Cancelada','Policlinica Carora C.A','2012-11-19','2012-12-15',''),('000693','Maria Noguera','01','Seguro',600,'Valoracion','Txde cara Tx simple de torax','Cancelada','Policlinica Carora C.A','2012-11-20','2013-11-11',''),('000694','Francisca Zoraida Rojas','01','Seguro',800,'Valoracion','ESguince tobillo derecho','Cancelada','Policlinica Carora C.A','2012-11-20','2013-08-02',''),('000695','Jose Gregorio Rodriguez','01','Efectivo',600,'Valoracion','Fx de falange 5to dedo pie der','Cancelada','Policlinica Carora C.A','2012-11-21','2012-12-15',''),('000696','Pablo Melendez','02','Seguro',5000,'Cirugía','Fx de Tobillo izq','Pendiente','Hospital Clinico Loyola','2012-11-21','2012-12-04','07'),('000653','Jesus Perozo','01','Seguro',800,'Valoracion','Tx de Muñeca Derecha','Cancelada','Policlinica Carora C.A','2012-06-05','2012-12-03','03'),('000697','Nelson Garcia','01','Seguro',1200,'Valoracion','Fx falange mano der','Pendiente','Policlinica Carora C.A','2012-11-21','2012-12-04','03'),('000698','Maximo Castillo','01','Seguro',900,'Valoracion','Tx Sx Latigazo cervical','Pendiente','Policlinica Carora C.A','2012-11-22','2012-12-04','04'),('000699','Hector Rojas ','01','Seguro',800,'Valoracion','Herida en mano Izq','Cancelada','Policlinica Carora C.A','2012-11-22','2013-02-05','18'),('000700','Bruno Martinez','01','Seguro',900,'Valoracion','Esguince tobillo der','Pendiente','Policlinica Carora C.A','2012-11-23','2012-12-04','47'),('000701','Lisbeth Torres','01','Seguro',900,'Valoracion','Tx de Rodilla Izq Elongacion','Cancelada','Policlinica Carora C.A','2012-11-23','2013-06-20','02'),('000702','Jorge Carrasco','01','Seguro',1000,'Valoracion','Fx Epifisis de Radio der','Pendiente','Policlinica Carora C.A','2012-11-23','2012-12-04','39'),('000703','Augusto Alvarez','01','Seguro',1000,'Valoracion','Esguince tobillo der','Pendiente','Policlinica Carora C.A','2012-11-23','2012-12-04','39'),('000686','Carmen de la Ch Rodriguez','01','Seguro',1600,'Valoracion','Fx de Perone der.','Cancelada','Policlinica Carora C.A','2012-10-19','2013-02-22','01'),('000704','Jose daniel Camacaro','01','Seguro',750,'Valoracion','Tendinitis Post Tx de mano der','Cancelada','Policlinica Carora C.A','2012-12-07','2013-04-23','30'),('000705','Reinimar Lourdes Piña','01','Seguro',1500,'Valoracion','Fx de Maleolo Tibial Der  Sx Latigazo','Cancelada','Policlinica Carora C.A','2012-12-07','2013-04-23','37'),('000706','Hector Torres','01','Efectivo',900,'Valoracion','Esguince de Tobillo der','Cancelada','Policlinica Carora C.A','2012-12-07','2012-12-20',''),('000707','Jasmin Caripa Polanco','01','Seguro',650,'Valoracion','tx hombro izq','Cancelada','Policlinica Carora C.A','2013-01-28','2013-08-02',''),('000708','Herminia Alvarez','01','Seguro',1000,'Valoracion','Tx toracico','Cancelada','Policlinica Carora C.A','2013-01-28','2013-02-28','11'),('000709','Carlos miguel Lozada torres','01','Seguro',950,'Valoracion','Fisura de Falange mano der','Cancelada','Policlinica Carora C.A','2013-01-28','2013-04-23','03'),('000710','Liang Yuambai','01','Efectivo',900,'Valoracion','Fx de calcaneo Izq','Cancelada','Policlinica Carora C.A','2013-01-28','2013-02-28',''),('000711','Roger Coello','01','Seguro',800,'Valoracion','Esguince de Tobillo Izq','Cancelada','Policlinica Carora C.A','2013-01-29','2013-05-15',''),('000712','Carmen Alvarado','01','Seguro',900,'Valoracion','Fx en cuña de D12','Cancelada','Policlinica Carora C.A','2013-01-18','2013-06-20',''),('000713','Carlos Melendez','01','Seguro',1200,'Valoracion','Esguince tobillo izq','Cancelada','Policlinica Carora C.A','2013-01-31','2013-05-15',''),('000714','Rosa Parra','01','Seguro',800,'Valoracion','tx de Cadera der','Cancelada','Policlinica Carora C.A','2013-01-31','2013-12-26',''),('000716','Wilfredo Verde','01','Efectivo',800,'Valoracion','Fx de calcaneo der','Pendiente','Policlinica Carora C.A','2013-02-01','2013-02-18',''),('000717','Marilumi Crespo Mendoza','01','Seguro',800,'Valoracion','F de Cubito der','Cancelada','Policlinica Carora C.A','2013-02-02','2013-06-20','18'),('000718','Jose Gomez','01','Seguro',1200,'Valoracion','Amputacion Tx de Hallux mano Izq','Cancelada','Policlinica Carora C.A','2013-03-04','2013-06-20','40'),('000719','Joselin Dorantes','01','Seguro',800,'Valoracion','Tx de rodillaIzq','Cancelada','Policlinica Carora C.A','2013-03-05','2013-06-20','14'),('000720','Alex Zambrano','02','Seguro',1200,'Valoracion','Fx de Muñeca der','Cancelada','Hospital Clinico Loyola','2013-03-05','2013-06-14','11'),('000721','Antonio Perez','01','Seguro',700,'Valoracion','Torcedura de tobillo Izq Crg de Lig mas Fx','Cancelada','Policlinica Carora C.A','2013-03-05','2013-06-20','01'),('000722','Fernando Hernandez','01','Efectivo',2800,'Valoracion','Politraumatismo Fx de femur ','Cancelada','Policlinica Carora C.A','2013-03-13','2013-04-04',''),('000723','Francelis leal','01','Efectivo',10000,'Cirugía','Fx de femur y tobillo izq','Cancelada','Policlinica Carora C.A','2013-03-13','2013-08-02',''),('000724','Yovanny Alvarez Gonzalez','01','Seguro',1600,'Cirugía','STC Ganglion Muñeca Izq','Cancelada','Policlinica Carora C.A','2013-03-13','2013-12-31','11'),('000725','Yamileth Alvarez','01','Seguro',1200,'Valoracion','Esguince de Rodilla Izq','Cancelada','Policlinica Carora C.A','2013-03-13','2013-12-31','11'),('000726','Alex Zambrano','01','Seguro',4000,'Cirugía','Fx de Muñeca Der','Cancelada','Policlinica Carora C.A','2013-03-25','2013-10-24','11'),('000727','Maria Rodriguez','01','Seguro',750,'Valoracion','Fx de Falange Mano der','Cancelada','Policlinica Carora C.A','2013-04-08','2013-08-27','39'),('000728','Mireya Colmenares','01','Seguro',800,'Valoracion','Fx Occipital','Cancelada','Policlinica Carora C.A','2013-04-08','2013-10-24','11'),('000729','Naileth Rosales','01','Seguro',800,'Valoracion','Lumbociatalgia','Cancelada','Policlinica Carora C.A','2013-04-09','2013-10-24','11'),('000730','Dilcia Landaeta','01','Seguro',900,'Valoracion','Fx de Falange dedo anular izq','Cancelada','Policlinica Carora C.A','2013-04-09','2013-10-24','11'),('000731','Alison Chirinos','01','Seguro',1200,'Cirugía','Ganglion dorsal mano der','Cancelada','Policlinica Carora C.A','2013-04-09','2013-10-24','11'),('000732','Luis Herrera','01','Seguro',1200,'Valoracion','Esguince tobillo der','Cancelada','Policlinica Carora C.A','2013-04-09','2013-08-27','01'),('000373','Mariangelica Suarez','01','Seguro',1200,'Valoracion','Esguince tobillo der','Pendiente','Policlinica Carora C.A','2013-04-09','2013-06-09','11'),('000734','Federico verde','01','Seguro',1500,'Valoracion','Fx de muñeca Izq','Cancelada','Policlinica Carora C.A','2013-04-09','2013-10-24','11'),('000735','Guillermo penso','01','Seguro',800,'Valoracion','Condritis intercostal izq','Cancelada','Policlinica Carora C.A','2013-04-10','2013-11-11','48'),('000736','Maritza Torcates','01','Seguro',550,'Valoracion','Lumbociatalgia','Cancelada','Policlinica Carora C.A','2013-04-10','2013-11-11','49'),('000737','Jose A Paez','01','Seguro',1200,'Valoracion','Esguince tobillo Der','Cancelada','Policlinica Carora C.A','2013-04-10','2013-08-27','39'),('000738','Carlos Escobar','01','Seguro',800,'Valoracion','Tx de muñeca','Cancelada','Policlinica Carora C.A','2013-04-11','2013-12-31','11'),('000739','Natividad serrano','01','Seguro',600,'Valoracion','Hombreo doloroso izq','Cancelada','Policlinica Carora C.A','2013-04-11','2013-05-15','11'),('000740','Miguel Ramos','01','Seguro',1100,'Valoracion','Esguince tobillo der','Pendiente','Policlinica Carora C.A','2013-06-29','2013-06-09','01'),('000741','Carmen teresa Santeliz','01','Efectivo',3200,'Cirugía','Fx de cadera Der. JB-JB-LL','Cancelada','Policlinica Carora C.A','2013-05-06','2013-05-15',''),('000742','Jose Waltieri','01','Efectivo',600,'Valoracion','Tx de Hombro der','Cancelada','Policlinica Carora C.A','2013-05-06','2013-05-15',''),('000743','Miguel Eduardo Rodriguez','01','Seguro',1000,'Valoracion','Esguince tobillo der','Cancelada','Policlinica Carora C.A','2013-06-09','2013-12-31','18'),('000744','Oriana Santeliz','02','Efectivo',600,'Valoracion','Fx de clavicula der','Pendiente','Hospital Clinico Loyola','2013-05-22','2013-06-09',''),('000746','Dionisio Serrano','01','Seguro',1500,'Cirugía','Fx de Cadera Izq Hemiartroplastia','Pendiente','Policlinica Carora C.A','2013-07-23','2013-10-19',''),('000747','Rosa Alvarez','01','Seguro',660,'Valoracion','Sinovitis de Rodilla Der','Pendiente','Policlinica Carora C.A','2013-07-23','2013-10-19','50'),('000748','Israel Diaz','01','Seguro',660,'Valoracion','Retrolistesis  lumbar','Cancelada','Policlinica Carora C.A','2013-07-23','2013-11-11','40'),('000749','Rita Duarte de Ramos','01','Seguro',660,'Valoracion','Tx de Hombro Izq','Cancelada','Policlinica Carora C.A','2013-07-23','2014-02-24','51'),('000750','Maura de Guarecuco','01','Seguro',660,'Valoracion','Tx de Rodilla ','Pendiente','Policlinica Carora C.A','2013-07-25','2013-10-19','52'),('000751','Ismar Goncalves','01','Seguro',4000,'Valoracion','Fx Epifisiolisis de Muñeca','Pendiente','Policlinica Carora C.A','2013-07-26','2013-11-11','11'),('000752','Ana Carrasco','01','Seguro',8500,'Cirugía','Fx de Cadera Hemiartroplastia','Cancelada','Policlinica Carora C.A','2013-07-26','2014-12-24','02'),('000753','Paula Leal','01','Seguro',1980,'Valoracion','Fx de Humero Izq','Cancelada','Policlinica Carora C.A','2013-07-26','2014-01-24','02'),('000755','Jesus Rodriguez','01','Seguro',823,'Valoracion','Fx de Rotula Izq','Cancelada','Policlinica Carora C.A','2013-07-26','2013-11-11','05'),('000756','Maria Bracho','01','Seguro',660,'Valoracion','Dolor Lumbar','Cancelada','Policlinica Carora C.A','2013-07-26','2014-01-24','02'),('000757','Dennis Riera','01','Efectivo',2000,'Valoracion','Fx de Tobillo Izq','Cancelada','Policlinica Carora C.A','2013-07-26','2013-11-30',''),('000758','Euly Zavarce','01','Seguro',1320,'Otros...','Celulitis Rodilla Izq','Cancelada','Policlinica Carora C.A','2013-07-27','2013-10-24','40'),('000759','Rafael Vasquez','01','Seguro',660,'Valoracion','Celulitis Rodilla Izq','Pendiente','Policlinica Carora C.A','2013-10-19','2013-10-19','05'),('000760','Luz gomez','01','Efectivo',1200,'Valoracion','Fx Bimaleolar Izq','Cancelada','Policlinica Carora C.A','2013-07-27','2013-11-30',''),('000762','Vilma Castillo','01','Seguro',660,'Valoracion','Tx simple Hombro Izq-Lumbar','Cancelada','Policlinica Carora C.A','2013-07-27','2013-12-03','01'),('000763','Pedro Fernandez Camacho','01','Seguro',1260,'Valoracion','Esguince de Tobillo Izq','Cancelada','Policlinica Carora C.A','2013-07-27','2013-12-26','09'),('000764','Delia Suarez','01','Seguro',860,'Valoracion','Tx de Muñeca Neuropraxia','Cancelada','Policlinica Carora C.A','2013-07-27','2013-12-02','09'),('000765','Lisbelys Leal Pereira','01','Seguro',1260,'Valoracion','Esguince Grado ll .Izq ','Cancelada','Policlinica Carora C.A','2013-07-27','2013-12-26','11'),('000766','Olga Maria Navas de Pinto','01','Seguro',5300,'Otros...','Celulitis Falange Mano Izq','Cancelada','Policlinica Carora C.A','2013-08-01','2013-12-03',''),('000767','Isabel Elena semidey','01','Efectivo',850,'Valoracion','Fx de Radio Izq','Cancelada','Policlinica Carora C.A','2013-08-08','2013-08-30',''),('000768','','01','Seguro',860,'Valoracion','Esguince Tobillo Der Tx Torax','Pendiente','Policlinica Carora C.A','2013-08-26','2013-10-19','05'),('000769','Alexis Bastidas','01','Seguro',860,'Valoracion','Tx simple de Rodilla Izq','Cancelada','Policlinica Carora C.A','2013-08-28','2014-02-24','01'),('000770','Asunsion Chavez','02','Efectivo',650,'Valoracion','Dolor Lumbar','Cancelada','Hospital Clinico Loyola','2013-08-28','2014-01-25',''),('000771','Diego Del Zoppo','01','Seguro',660,'Valoracion','Contractuura Muscular','Cancelada','Policlinica Carora C.A','2013-08-28','2013-12-03','39'),('000772','Leonor segovia','01','Seguro',1510,'Valoracion','Fx Bilateral Muñeca','Pendiente','Policlinica Carora C.A','2013-08-29','2013-10-19','11'),('000776','Roberto sanchez','01','Efectivo',800,'Valoracion','Fx de falange Mano der','Cancelada','Policlinica Carora C.A','2013-08-30','2013-12-31',''),('000777','Angela Barrios','01','Efectivo',800,'Valoracion','Fx de cadera Izq','Cancelada','Policlinica Carora C.A','2013-08-31','2013-12-31','01'),('000781','Luis garcia','01','Seguro',860,'Valoracion','Fx falange Mano der','Cancelada','Policlinica Carora C.A','2013-09-01','2013-12-03','04'),('000782','Joel lopez','01','Seguro',1460,'Valoracion','Fx de Muñeca Radio Der','Cancelada','Policlinica Carora C.A','2013-09-01','2013-12-03','09'),('000785','Ricardo Salas','02','Seguro',2640,'Otros...','Tx Raquimedular','Pendiente','Hospital Clinico Loyola','2013-09-03','2013-10-19','11'),('000786','David Vasquez','02','Seguro',1460,'Valoracion','Herida en mano Izq','Pendiente','Hospital Clinico Loyola','2013-09-03','2013-10-19','53'),('000787','Jose Castañeda','01','Seguro',8000,'Cirugía','Fx de Tibia Der. Bolqueado Imed','Pendiente','Policlinica Carora C.A','2013-09-03','2013-10-19','11'),('000788','Nery Alvarez','02','Seguro',700,'Valoracion','Tx de muñeca der','Cancelada','Hospital Clinico Loyola','2013-09-13','2013-09-20','11'),('000789','Jesus LaCruz','02','Seguro',660,'Valoracion','','Pendiente','Hospital Clinico Loyola','2013-09-13','2013-10-19',''),('000790','Pausides camacaro','01','Seguro',200,'Valoracion','','Cancelada','Policlinica Carora C.A','2013-09-19','2013-12-26',''),('000791','Maura Justina Gonzalez','01','Seguro',660,'Valoracion','','Pendiente','Policlinica Carora C.A','2013-09-19','2013-10-19',''),('000792','Ninfa Alvarez de Noguera','01','Seguro',660,'Valoracion','fx de m<uñeca izq','Cancelada','Policlinica Carora C.A','2013-09-30','2014-02-24',''),('000793','Ninfa Alvarez de Noguera','01','Seguro',300,'Valoracion','Fx de muñeca Izq','Pendiente','Policlinica Carora C.A','2013-09-30','2014-02-24','54'),('000794','Jose G Arraez A','01','Seguro',860,'Valoracion','Lumbociatalgia','Cancelada','Policlinica Carora C.A','2013-10-03','2013-12-26','18'),('000795','Santiago Perez','01','Efectivo',900,'Valoracion','Fx de falange Mano der','Cancelada','Policlinica Carora C.A','2013-10-03','2013-12-31',''),('000796','Consolina Rise de Diaz','01','Seguro',10000,'Cirugía','Fx de Cadera Der Hemiartroplastia Imed Cance','Cancelada','Policlinica Carora C.A','2013-10-04','2014-01-24','18'),('000797','Antony Jose Mendoza','01','Seguro',860,'Valoracion','Fx de Muñeca der','Pendiente','Policlinica Carora C.A','2013-10-04','2013-10-19','05'),('000798','Ylder M Rodriguez','01','Efectivo',700,'Valoracion','Tx de rodilla Izq','Cancelada','Policlinica Carora C.A','2013-10-04','2013-12-31','01'),('000799','Alejandro Barrios','01','Seguro',240,'Valoracion','Esguince de tobillo Izq','Pendiente','Policlinica Carora C.A','2013-10-04','2013-10-19','01'),('000800','Alejandro Barrios','01','Seguro',660,'Valoracion','Esguince de tobillo Izq','Pendiente','Policlinica Carora C.A','2013-10-04','2013-10-19','01'),('000801','Marcos Chirinos','01','Efectivo',800,'Valoracion','Tx de rodilla der','Cancelada','Policlinica Carora C.A','2013-10-05','2013-12-30',''),('000802','Hilda moreno','01','Efectivo',800,'Valoracion','Tx de muñeca Izq','Cancelada','Policlinica Carora C.A','2013-10-19','2013-12-30',''),('000803','Patricia torres','01','Seguro',4000,'Cirugía','Fx de epifisiolisis de radio izq','Pendiente','Policlinica Carora C.A','2013-10-06','2013-10-19','20'),('000805}','Harrison Perez','01','Seguro',300,'Valoracion','Esguince Izq Tx de Hombro','Pendiente','Policlinica Carora C.A','2013-10-08','2014-02-07','01'),('000805','Harrison Perez','02','Cheque',300,'Valoracion','Esguince Izq Tx de Hombro','Pendiente','Hospital Clinico Loyola','2013-10-08','2014-02-07','01'),('000806','Harrison Perez','02','Cheque',300,'Valoracion','Esguince Izq Tx de Hombro','Pendiente','Hospital Clinico Loyola','2013-10-08','2014-02-07','01'),('000807','Edixon Ramon Pacheco Becerra','01','Seguro',660,'Valoracion','Fx de Muñeca Der','Pendiente','Policlinica Carora C.A','2013-10-14','2013-10-19','17'),('000808','Edixon Ramon Pacheco Becerra','01','Seguro',340,'Valoracion','fx de muñeca der','Pendiente','Policlinica Carora C.A','2013-10-14','2013-10-19','17'),('000809','Consolina Rise de Diaz','01','Seguro',3960,'Otros...','RFx de Cadera Hospitalizacion','Cancelada','Policlinica Carora C.A','2013-10-16','2014-01-24','18'),('000733','Mariangelica Suarez','01','Seguro',1200,'Valoracion','Esguince tobillo der.','Cancelada','Policlinica Carora C.A','2013-04-09','2013-08-27','11'),('000810','Reymar Rangel Mendoza','01','Efectivo',2100,'Valoracion','Fax de tobillo Izq','Pendiente','Policlinica Carora C.A','2013-10-18','2013-12-19',''),('000811','Eglee Infanta','01','Seguro',1200,'Valoracion','Fx de 5to MTT Der','Pendiente','Policlinica Carora C.A','2013-12-10','2013-12-19','17'),('000812','Juan Fonseca Sanchez','01','Seguro',950,'Valoracion','Fx abierta de 3ro 4to dedo mano Izq','Pendiente','Policlinica Carora C.A','2013-12-11','2013-12-19','05'),('000813','Luis Mosquera','01','Efectivo',900,'Valoracion','Herida 1er Hallux Mano Izq','Cancelada','Policlinica Carora C.A','2013-12-11','2014-04-28',''),('000814','Margarito hernandez','01','Efectivo',950,'Valoracion','Herida en mano Izq','Cancelada','Policlinica Carora C.A','2013-12-11','2014-04-28',''),('000815','Luis ladino','01','Seguro',850,'Valoracion','Hematoma post tx en pierna Der','Pendiente','Policlinica Carora C.A','2013-12-12','2013-12-19','18'),('000816','Jesus Ramon Piña','01','Seguro',2000,'Valoracion','Fx bilateral de Radio','Pendiente','Policlinica Carora C.A','2013-12-13','2013-12-19','11'),('000817','Javier Gomez','01','Efectivo',1500,'Valoracion','Fx de Cubito Izq','Cancelada','Policlinica Carora C.A','2013-12-13','2014-04-28',''),('000818','Cesar Zambrano','01','Efectivo',800,'Valoracion','Fx vertebra L3','Cancelada','Policlinica Carora C.A','2013-12-13','2014-04-30',''),('000819','Maria Lourdes Gonzalez de Infante','01','Seguro',8000,'Cirugía','Fx Basicervical cadera Izq JB-LL-JV','Pendiente','Policlinica Carora C.A','2013-12-17','2013-12-19','55'),('000820','Daniel Charval','01','Seguro',700,'Valoracion','LUmbociatalgia por discopatia','Pendiente','Policlinica Carora C.A','2013-12-18','2013-12-19','11'),('000821','Carlos Peralta','01','Seguro',850,'Valoracion','Tx de muñeca Der','Pendiente','Policlinica Carora C.A','2013-12-18','2013-12-19','09'),('000822','Cesar Castro','01','Seguro',700,'Valoracion','Tx  Dorsal','Pendiente','Policlinica Carora C.A','2013-12-18','2013-12-19','09'),('000823','Jarvis Alizo','01','Seguro',800,'Valoracion','Tendinitis post Tx de Hombro Der','Pendiente','Policlinica Carora C.A','2013-12-18','2013-12-19','04'),('000824','Nelson Anzola','01','Seguro',1200,'Valoracion','Politraumatismo Fx de huesos de la Nariz','Pendiente','Policlinica Carora C.A','2013-12-21','2014-04-02','01'),('000825','Orlando Riera','01','Seguro',900,'Valoracion','Artrocentesis de codo Dere','Pendiente','Policlinica Carora C.A','2014-01-14','2014-04-02','11'),('000826','Luis Herrera','01','Seguro',660,'Valoracion','Lumbociatalgia','Pendiente','Policlinica Carora C.A','2014-01-15','2014-04-02','01'),('000827','Elina de Baldallo','01','Seguro',1500,'Valoracion','Esguince Tobillo Der','Pendiente','Policlinica Carora C.A','2014-01-17','2014-04-02','05'),('000829','Francelis leal','01','Seguro',5000,'Cirugía','Retiro de material de sintesis rodilla Izq','Pendiente','Policlinica Carora C.A','2014-01-18','2014-04-02','11'),('000831','Lucia nieves','01','Seguro',660,'Valoracion','Lumbociatalgia Fx de Pubis','Pendiente','Policlinica Carora C.A','2014-01-21','2014-04-02','02'),('000832','Carmen Cuicas','01','Seguro',1500,'Valoracion','Fx de Radio Der','Pendiente','Policlinica Carora C.A','2014-02-01','2014-04-02','49'),('000833','Elvia Aldazoro','01','Seguro',1300,'Valoracion','Fx MTT pie Izq','Pendiente','Policlinica Carora C.A','2014-02-01','2014-04-02','11'),('000834','Douglas Melendez','01','Efectivo',660,'Valoracion','Fx de radio der','Pendiente','Policlinica Carora C.A','2014-02-01','2014-04-02',''),('000835','Blanca briceño','01','Efectivo',900,'Valoracion','Fx de Radio Izq','Cancelada','Policlinica Carora C.A','2014-02-01','2014-04-30',''),('000836','Francisca Ocanto','01','Efectivo',1500,'Valoracion','Esguince de tobillo Izq','Pendiente','Policlinica Carora C.A','2014-02-02','2014-04-02',''),('000837','Luis Tua','01','Seguro',1200,'Valoracion','Fx de Cadera Izq','Pendiente','Policlinica Carora C.A','2014-02-18','2014-04-02','20'),('000838','Emma Ramos','01','Efectivo',700,'Valoracion','Fx de Humero Der','Cancelada','Policlinica Carora C.A','2014-04-02','2014-01-30',''),('000839','Maria Montero','01','Seguro',700,'Valoracion','Lumbociatalgia','Pendiente','Policlinica Carora C.A','2014-02-18','2014-04-02','11'),('000840','Fulvio Torrealba','01','Seguro',1200,'Valoracion','Fx intertrocanterica de femur Der','Pendiente','Policlinica Carora C.A','2014-02-18','2014-04-02','11'),('000841','Amado Lopez','01','Seguro',1200,'Valoracion','Esguince de Tobillo Izq','Pendiente','Policlinica Carora C.A','2014-02-18','2014-04-02','11'),('000842','Freddy Camargo','01','Seguro',1300,'Valoracion','Esguince de tobillo Izq','Pendiente','Policlinica Carora C.A','2014-02-02','2014-04-02','11'),('000843','Sofia Buitrago','01','Seguro',1200,'Valoracion','Esguince tobillo Izq','Pendiente','Policlinica Carora C.A','2014-02-20','2014-04-02','05'),('000844','Luis crespo','01','Seguro',1200,'Valoracion','Esguince de tobillo der','Pendiente','Policlinica Carora C.A','2014-02-21','2014-04-02','05'),('000845','Oscar Melendez','01','Efectivo',850,'Valoracion','Tx de hombro','Pendiente','Policlinica Carora C.A','2014-02-21','2014-04-02',''),('000846','Pedro Rodriguez','01','Seguro',800,'Valoracion','Fx Costal Izq','Pendiente','Policlinica Carora C.A','2014-04-02','2014-04-02','04'),('000847','Eduar Perez','01','Seguro',800,'Valoracion','Tx de cadera Izq','Pendiente','Policlinica Carora C.A','2014-03-29','2014-04-02','03'),('000848','Juan Pernalette','01','Seguro',1200,'Valoracion','Tx de muñeca Esguince','Pendiente','Policlinica Carora C.A','2014-03-27','2014-04-02','05'),('000849','Francisco Verde','01','Seguro',800,'Valoracion','Discopatia Lumbar','Pendiente','Policlinica Carora C.A','2014-03-28','2014-04-02','40'),('000850','Olinta Perez','01','Seguro',800,'Valoracion','Contractura lumbar','Pendiente','Policlinica Carora C.A','2014-03-23','2014-04-02','05'),('000851','Carlis Adjunta','01','Seguro',850,'Valoracion','Contractura Muscular','Pendiente','Policlinica Carora C.A','2014-03-28','2014-04-02','18'),('000853','Rosangelys Montilla','01','Seguro',1500,'Valoracion','Fx base de MTT pie Izq','Pendiente','Policlinica Carora C.A','2014-04-01','2014-04-02','11'),('000854','Fernando Carmona','01','Seguro',1300,'Valoracion','Esguince izq Osteocondritis','Pendiente','Policlinica Carora C.A','2014-04-01','2014-04-02','49'),('000855','Carlos Miguel Gonzalez','01','Seguro',6000,'Valoracion','Fx de MTT pie Izq','Pendiente','Policlinica Carora C.A','2014-04-02','2014-04-02','20'),('000856','Norkis Josefina Vasquez Alvarez','01','Seguro',900,'Valoracion','Tx de Capuchon ','Pendiente','Policlinica Carora C.A','2014-04-02','2014-04-02','49'),('000857','Arlenis Camacaro','01','Seguro',1000,'Valoracion','Politraumatismo','Cancelada','Policlinica Carora C.A','2014-04-02','2014-01-30','18'),('000858','Rolando Quiñonez','01','Seguro',1500,'Valoracion','Fx de pie izq','Pendiente','Policlinica Carora C.A','2014-04-02','2014-04-02','03'),('000859','Angelica Tirado','01','Seguro',2000,'Cirugía','Retiro de material de sintesis Calcaneo top','Pendiente','Policlinica Carora C.A','2014-04-02','2014-04-02','39'),('0008560','Andrea Herrera','01','Seguro',800,'Valoracion','Tx de muñeca Capuchon Articular','Pendiente','Policlinica Carora C.A','2014-04-02','2014-04-04','18'),('000861','Reymar Mendoza','01','Seguro',1600,'Cirugía','Retiro de material de sintesis rodilla','Pendiente','Policlinica Carora C.A','2014-04-02','2014-04-04','11'),('000862','Pedro Lopez','01','Seguro',1200,'Valoracion','Fx de falange pie izq','Pendiente','Policlinica Carora C.A','2014-04-02','2014-04-04','04'),('000863','Dayana Pineda','01','Seguro',1220,'Valoracion','Tx de Muñeca Derecha','Pendiente','Policlinica Carora C.A','2014-04-02','2014-04-04','17'),('000864','Carlis  Adjunta','01','Seguro',850,'Valoracion','Tx de Hombro izq','Pendiente','Policlinica Carora C.A','2014-04-02','2014-04-04','18'),('000865','Wilian Ramos','01','Efectivo',660,'Valoracion','Tx de cadera','Cancelada','Policlinica Carora C.A','2014-04-21','2014-01-30',''),('000866','Ray Perez','01','Efectivo',1800,'Valoracion','politraumatismo Fx de tibia perone Izq','Pendiente','Policlinica Carora C.A','2014-04-02','2014-01-30',''),('000867','Alonso Gonzalez','01','Seguro',1200,'Valoracion','Tx Cervial Politraumatismo','Pendiente','Policlinica Carora C.A','2014-04-03','2014-04-04','11'),('000901','Dilia Lameda de Oropeza','01','Efectivo',3000,'Cirugía','Fx de cadera Izq Protesis','Pendiente','Policlinica Carora C.A','2014-07-09','2015-01-13',''),('000903','Gregorio Hernan gimenez Garcia','01','Seguro',900,'Valoracion','Tx de Muñeca y falange ','Pendiente','Policlinica Carora C.A','2014-07-09','2015-01-13','09'),('000904','Erikson Arroyo','01','Efectivo',760,'Valoracion','Fx costal der','Pendiente','Policlinica Carora C.A','2014-07-09','2015-01-13',''),('000905','Luis Adolfo Vegas Piñango','01','Seguro',2700,'Valoracion','Tx de Muñeca der','Pendiente','Policlinica Carora C.A','2014-07-09','2015-01-13','02'),('000906','Yarenis Yamilet Gil','01','Seguro',1200,'Valoracion','Tx Cervical','Pendiente','Policlinica Carora C.A','2014-07-10','2015-01-13','02'),('000907','Leonardo Cuevas Dorantes','01','Seguro',1200,'Valoracion','Tx de Rodilla Izq','Pendiente','Policlinica Carora C.A','2014-07-10','2015-01-13','09'),('000908','Lenny silva','01','Seguro',760,'Valoracion','Tx de Muñeca Izq','Pendiente','Policlinica Carora C.A','2014-07-11','2015-01-13','04'),('000909','Emilexa del carmen Olarte Bermudez','01','Seguro',1400,'Valoracion','Fx bimaleolar Izq','Pendiente','Policlinica Carora C.A','2014-07-12','2015-01-13','11'),('000910','Gregorio Alvarez','01','Seguro',1200,'Valoracion','Tx de rodilla Der','Pendiente','Policlinica Carora C.A','2014-07-12','2015-01-13','40'),('000911','Jose Miguel Torrealba Goyo','01','Seguro',1400,'Valoracion','Fx de tobillo Izq','Pendiente','Policlinica Carora C.A','2014-07-12','2015-01-13','01'),('000912','Blanca victoriaa lopez de Riera','01','Seguro',760,'Valoracion','Sx de Latigazo','Pendiente','Policlinica Carora C.A','2014-07-17','2015-01-13','11'),('000913','Jose felix Garcia Gallardo','01','Seguro',1600,'Valoracion','Osteocondroma de femur Izq','Pendiente','Policlinica Carora C.A','2014-07-21','2015-01-13','11'),('0009014','Frank Riera','01','Otros...',10000,'Cirugía','Fx de Condilo Femoral Izq','Pendiente','Policlinica Carora C.A','2014-07-30','2015-01-13','56'),('0009015','Nailet Falcon','01','Seguro',760,'Valoracion','Tx de Codo Der y Tobillo Der','Pendiente','Policlinica Carora C.A','2014-08-08','2015-01-13','14'),('0009016','Osmel Delgado','01','Seguro',900,'Valoracion','Tx rodilla simple','Pendiente','Policlinica Carora C.A','2014-08-12','2015-01-13','04'),('000917','Edgar Ferrer','01','Seguro',900,'Valoracion','Esguince Der Grado I','Pendiente','Policlinica Carora C.A','2014-08-12','2015-01-13','04'),('000918','Jose Medina','01','Efectivo',760,'Valoracion','Dolor Lumbar','Pendiente','Policlinica Carora C.A','2014-08-12','2015-01-13',''),('000919','Gloria Oviedo','01','Seguro',760,'Valoracion','Pie Diabetico Izq','Pendiente','Policlinica Carora C.A','2014-08-12','2015-01-13','11'),('000920','Recien nacido Olarte','01','Efectivo',760,'Valoracion','Pie Equino Valgo Bilateral','Pendiente','Policlinica Carora C.A','2014-08-12','2015-01-13',''),('000921','Adrian Rivero','01','Seguro',1661,'Valoracion','Fx del tercio distal de Radio Izq','Pendiente','Policlinica Carora C.A','2014-08-15','2015-01-13','05'),('000922','Alexannder Rodriguez','01','Efectivo',2000,'Valoracion','Esguince tobillo der','Pendiente','Policlinica Carora C.A','2014-08-16','2015-01-13',''),('000923','Orlando Antonio Monjes','01','Seguro',3000,'Valoracion','Herida en antebrazo Der','Pendiente','Policlinica Carora C.A','2014-08-17','2015-01-13','01'),('000924','Miguel Carrasco','01','Efectivo',760,'Valoracion','Politraumatismo','Pendiente','Policlinica Carora C.A','2014-08-17','2015-01-13',''),('000925','Katterine Barrios','01','Seguro',1700,'Valoracion','Esguince tobillo Izq','Pendiente','Policlinica Carora C.A','2014-08-17','2015-01-13','28'),('000926','Pedro Tortolero Ruiz','01','Seguro',760,'Valoracion','Tx simple de codo','Pendiente','Policlinica Carora C.A','2014-08-17','2015-01-13','28'),('000927','Estefani Alvarez','01','Efectivo',1800,'Valoracion','tx de rodilla izq','Pendiente','Policlinica Carora C.A','2014-09-15','2015-01-13',''),('000928','Krisell Fernandez','01','Efectivo',1000,'Valoracion','Tx cervical','Pendiente','Policlinica Carora C.A','2014-09-22','2015-01-13',''),('000929','Emma Rosa Alvarez Rodriguez','01','Seguro',1000,'Valoracion','Tx de Hombro y Cuello','Pendiente','Policlinica Carora C.A','2014-09-22','2015-01-13','01'),('000930','Waldemar Alvarez Franco','01','Seguro',1335,'Valoracion','Lumbociatalgia','Pendiente','Policlinica Carora C.A','2014-09-22','2015-01-13','05'),('000931','AbelardoJose Bali Rivero','01','Seguro',1600,'Valoracion','Lumbociatalgia','Pendiente','Policlinica Carora C.A','2014-09-22','2015-01-13','01'),('000932','Victor Rafael Matos Flores','01','Seguro',1600,'Valoracion','Tx costal Izq','Pendiente','Policlinica Carora C.A','2014-09-22','2015-01-13','01'),('000933','Pedro jose Gutierrez Vasquez','01','Seguro',6080,'Valoracion','pie diabetico','Pendiente','Policlinica Carora C.A','2014-09-22','2015-01-15','11'),('000934.','Lucy ramona Vargas de Artigas','01','Seguro',760,'Valoracion','Lumbociatalgia','Pendiente','Policlinica Carora C.A','2014-09-22','2015-01-15','28'),('000935','Amable de Rosario Suarez','01','Seguro',2300,'Valoracion','Fx de tercio distal radio der','Pendiente','Policlinica Carora C.A','2014-09-22','2015-01-15','28'),('000936','Rosa Maria Sanchez','01','Efectivo',760,'Valoracion','hombro doloroso der','Pendiente','Policlinica Carora C.A','2014-09-22','2015-01-15',''),('000937','Flor Noemi Mascareño','01','Seguro',3000,'Valoracion','Esguince tobillo izq','Pendiente','Policlinica Carora C.A','2014-09-22','2015-01-15','57'),('000938','Danilo Colmenarez','01','Seguro',1300,'Valoracion','Tx Cervical','Pendiente','Policlinica Carora C.A','2014-09-22','2015-01-15','57'),('000939','Elvis Rodriguez','01','Efectivo',760,'Valoracion','Tx cervical','Pendiente','Policlinica Carora C.A','2015-01-15','2015-01-15',''),('000940','Luis Alberto Soto','01','Seguro',2000,'Valoracion','Tx de rodilla izq','Pendiente','Policlinica Carora C.A','2014-09-22','2015-01-15','01'),('000941','Isabel Fernandez','01','Seguro',6780,'Valoracion','Celulitis de Pierna der','Pendiente','Policlinica Carora C.A','2014-09-22','2015-01-15','28'),('000942','Isabel Fernandez','01','Seguro',1200,'Valoracion','Celulitis de pierna izq','Pendiente','Policlinica Carora C.A','2014-09-22','2015-01-15','28'),('000943','Lesly Flores','01','Efectivo',760,'Valoracion','Tx costal Izq','Pendiente','Policlinica Carora C.A','2014-10-22','2015-01-15',''),('000944','Emma Maria Suarez Castellanos','01','Seguro',1500,'Valoracion','Fx de Tibia Izq','Pendiente','Policlinica Carora C.A','2014-10-22','2015-01-15','11'),('000945','Alexander Mavarez','01','Seguro',2500,'Valoracion','Fx de 1 Hallux Pie Izq','Pendiente','Policlinica Carora C.A','2014-10-22','2015-01-15','18'),('000946','','01','Efectivo',3000,'Valoracion','fx expuesta 6to dedo y fx mtc 2 dedo','Pendiente','Policlinica Carora C.A','2014-10-22','2015-01-15',''),('000947','Wilian Perez','01','Seguro',760,'Valoracion','Tx de Rodilla Izq','Pendiente','Policlinica Carora C.A','2014-10-24','2015-01-15','40'),('000948','Elizabeth Alvarez','01','Efectivo',1800,'Valoracion','Esguince de tobillo Izq','Pendiente','Policlinica Carora C.A','2014-10-24','2015-01-15',''),('000949','Juan Carlos Rodriguez','01','Seguro',3500,'Valoracion','Fx de Muñeca  Der','Pendiente','Policlinica Carora C.A','2014-10-24','2015-01-15','58'),('000950','Analid Adreina Ramos','01','Seguro',3000,'Valoracion','Fx de Femur Izq','Pendiente','Policlinica Carora C.A','2014-10-24','2015-01-15','58'),('000951','Martin Gamarra','01','Seguro',760,'Valoracion','Politraumatismo','Pendiente','Policlinica Carora C.A','2014-10-24','2015-01-15','58'),('000952','Martin Gamarra hijo','01','Seguro',760,'Valoracion','Politraumatismo','Pendiente','Policlinica Carora C.A','2014-10-24','2015-01-15','58'),('000953','Alexander Brito','01','Efectivo',760,'Valoracion','Lumbociatalgia','Pendiente','Policlinica Carora C.A','2014-10-24','2015-01-15',''),('000954','Elizabeth Alvarez','01','Efectivo',1800,'Valoracion','Fx de tobillo Izq','Cancelada','Policlinica Carora C.A','2014-10-24','2014-12-10',''),('000955','Oliander melendez','01','Efectivo',2500,'Valoracion','Fx de Tiabia Izq','Cancelada','Policlinica Carora C.A','2014-10-24','2014-12-10',''),('000956','','01','Efectivo',1800,'Valoracion','Tx simple de Rodilla','','Policlinica Carora C.A','2014-11-24','2015-01-15',''),('000957','Pedro Perez Riera','01','Seguro',1500,'Valoracion','Tx de Hombro Der','Pendiente','Policlinica Carora C.A','2014-11-24','2015-01-15','08'),('000959','Genesis Gonzalez','01','Efectivo',2800,'Valoracion','Fx de Tibia Izq','Pendiente','Policlinica Carora C.A','2014-11-24','2015-01-15',''),('000960','Egle Cordero de Corobo.','01','Efectivo',2000,'Valoracion','Esguince tobillo','Pendiente','Policlinica Carora C.A','2014-11-25','2015-01-15',''),('000961','Cabdido Gordillo','01','Efectivo',760,'Valoracion','Tx de rodilla','Pendiente','Policlinica Carora C.A','2014-11-27','2015-01-15',''),('000962','Yoelis olivera Melendez','01','Efectivo',3200,'Valoracion','Esguince de  tobillo','Pendiente','Policlinica Carora C.A','2014-11-29','2015-01-15',''),('000963','Victor Rojas Suarez','01','Efectivo',760,'Valoracion','Lumbalgia','Pendiente','Policlinica Carora C.A','2014-11-29','2015-01-15',''),('000964','Lisbeth martinez Quintero','01','Efectivo',2760,'Valoracion','Esguince tobillo','Pendiente','Policlinica Carora C.A','2014-11-29','2015-01-15',''),('000965','Oneida  Mendez Lopez','01','Efectivo',850,'Valoracion','tx rodilla','Cancelada','Policlinica Carora C.A','2014-11-29','2014-12-10',''),('000966','Brismar Rodriguez','01','Efectivo',2000,'Valoracion','Tx cervical','Pendiente','Policlinica Carora C.A','2014-11-29','2015-01-15',''),('000967','Jose Armas Gonzalez','01','Efectivo',2500,'Valoracion','Fx de muñeca der','Pendiente','Policlinica Carora C.A','2014-11-29','2015-01-15',''),('000968','','01','Efectivo',3200,'Valoracion','Fx de Humero','Pendiente','Policlinica Carora C.A','2014-11-29','2015-01-15',''),('000970','Andrea Leal','01','Efectivo',2000,'Valoracion','esguince de tobillo','Pendiente','Policlinica Carora C.A','2014-12-15','2015-01-15',''),('000971','','01','Seguro',900,'Valoracion','esguince tobillo','Pendiente','Policlinica Carora C.A','2014-12-29','2015-01-15','29'),('000972','Felix Garcia','01','Efectivo',3500,'Valoracion','fx de meseta tibial','Pendiente','Policlinica Carora C.A','2014-12-30','2015-01-15',''),('000973','Alejandro Jose peralta','01','Seguro',200,'Valoracion','Fx del tarso pie Der','Pendiente','Policlinica Carora C.A','2014-12-30','2015-01-15','09'),('000974','Arbelis Cañizales','01','Seguro',3500,'Valoracion','Fx de Clavicula Izq','Pendiente','Policlinica Carora C.A','2015-01-31','2015-01-15','22'),('000969','Margarita Fontana','01','Efectivo',15000,'Cirugía','Fx de femur Izq','Cancelada','Policlinica Carora C.A','2014-11-30','2014-12-30',''),('000975','Sonia Perez ','01','Seguro',3500,'Valoracion','Fx de muñeca Izq','Pendiente','Policlinica Carora C.A','2015-01-01','2016-03-25','49'),('000981','Cirila Torres','01','Seguro',3500,'Valoracion','Fx de Radio Der','Pendiente','Policlinica Carora C.A','2015-01-17','2015-03-24','49'),('000982','Angela Medina','01','Seguro',2000,'Valoracion','TX de Torax','Pendiente','Policlinica Carora C.A','2015-01-17','2015-03-24','07'),('000983','Angela Medina de Rojas','01','Seguro',2020,'Valoracion','Tx de Torax','Pendiente','Policlinica Carora C.A','2015-01-19','2015-03-24','07'),('00094','Neida Gomez Melendez','01','Efectivo',900,'Valoracion','Tx de Hombro izq','Pendiente','Policlinica Carora C.A','2015-01-20','2015-03-24',''),('000985','Fernando Salas','01','Efectivo',1520,'Valoracion','Tx de Rodilla izq','Pendiente','Policlinica Carora C.A','2015-01-25','2015-03-24',''),('000986','Fernando Antonio Salas','01','Efectivo',15000,'Cirugía','Fx de Femur Izq','Pendiente','Policlinica Carora C.A','2015-01-25','2015-03-24',''),('000987','Maria Lucena de Alvarez','01','Seguro',15000,'Cirugía','Fx de cadera Izq','Pendiente','Policlinica Carora C.A','2015-01-25','2015-03-24','11'),('000988','Endriscar Aponte Melendez','01','Seguro',2500,'Valoracion','Esguince de tobillo Izq','Pendiente','Policlinica Carora C.A','2015-01-29','2015-03-24','11'),('000989','Jesus Heracio Burges','01','Seguro',1000,'Valoracion','Tx Lumbar','Pendiente','Policlinica Carora C.A','2015-02-04','2015-03-24','59'),('000976','Ariana Alvarez','01','Seguro',4335,'Valoracion','Poi Tx fx de humero','Pendiente','Policlinica Carora C.A','2015-01-01','2016-03-25','05'),('000977','Ana cecilia Milanes','01','Seguro',4000,'Valoracion','Fx clavicula Der Fx de mandibula','Pendiente','Policlinica Carora C.A','2015-01-01','2016-03-25','09'),('000978','Edgar Gonzalez','01','Efectivo',2000,'Valoracion','Amputacion de dedos mano der','Pendiente','Policlinica Carora C.A','2015-01-01','2016-03-25',''),('000979','Maria Ramirez','01','Seguro',4000,'Valoracion','Fx de perone Izq','Pendiente','Policlinica Carora C.A','2015-01-12','2016-03-25','11'),('000990','Oscar Alvarez','01','Efectivo',3500,'Valoracion','Tx de Rodilla Der','Pendiente','Policlinica Carora C.A','2015-02-04','2015-03-24',''),('000991','','01','Seguro',2500,'Valoracion','Tx toracico cerrado','Pendiente','Policlinica Carora C.A','2015-02-04','2015-03-24','05'),('000992','Luis Gonzalez','01','Efectivo',3000,'Valoracion','Esguince tobillo Izq','Pendiente','Policlinica Carora C.A','2015-02-10','2015-03-24',''),('000993','Pastor Piña','01','Efectivo',2000,'Valoracion','Tx de rodilla Der','Pendiente','Policlinica Carora C.A','2015-02-19','2015-03-24',''),('000995','Mariot del carmen Ladino','01','Seguro',1500,'Valoracion','Tx de Hombro Der','Pendiente','Policlinica Carora C.A','2015-02-19','2015-03-24','01'),('000996','Cargelis Ayari Alvarez','01','Efectivo',1000,'Valoracion','Tx Mano der','Pendiente','Policlinica Carora C.A','2015-02-19','2015-03-24',''),('000997','Jose Madrid','01','Efectivo',6000,'Valoracion','Fx Lux Codo Izq','Pendiente','Policlinica Carora C.A','2015-02-21','2015-03-24',''),('000998','Isabel Alvarez','01','Seguro',2000,'Valoracion','Fx supracondilea Izq','Pendiente','Policlinica Carora C.A','2015-02-21','2015-03-24',''),('000999','Maria Cordero','01','Efectivo',3000,'Cirugía','Amputacion de dedos','Pendiente','Policlinica Carora C.A','2015-02-21','2015-03-24',''),('001002','Rosalia Azuaje de Lopez','01','Seguro',6000,'Cirugía','Fx de Cadera Der','Pendiente','Policlinica Carora C.A','2015-02-27','2015-03-24','09'),('001003','Evelia rosa Rodriguez','01','Efectivo',1000,'Valoracion','Tx de Hombro Izq','Pendiente','Policlinica Carora C.A','2015-03-05','2015-03-24',''),('001004','Nurlin Thabit','01','Efectivo',1000,'Valoracion','Tx mano der','Pendiente','Policlinica Carora C.A','2015-03-05','2015-03-24',''),('001005','Anderson Alonso Gomez Flores','01','Seguro',1000,'Valoracion','Tx de rodilla Der','Pendiente','Policlinica Carora C.A','2015-03-12','2015-03-24','01'),('001006','Jordan campos','01','Seguro',11000,'Cirugía','Lux Hombro Izq','Pendiente','Policlinica Carora C.A','2015-03-12','2015-03-24','01'),('001007','Johana Carolina Vargas Sequera','01','Seguro',17000,'Cirugía','Fx lux codo izq','Pendiente','Policlinica Carora C.A','2015-03-12','2015-03-24','01'),('001008','Raul Barrios','01','Seguro',2300,'Valoracion','Fx de Mano Izq','Pendiente','Policlinica Carora C.A','2015-03-17','2015-03-24','01'),('001009','Ennis Carolina Seguera','01','Seguro',3800,'Valoracion','Fx de tobillo izq','Pendiente','Policlinica Carora C.A','2015-03-17','2015-03-24','18'),('001010','Reina Torrealba','01','Efectivo',1000,'Valoracion','Hombro doloroso','Pendiente','Policlinica Carora C.A','2015-03-17','2015-03-24',''),('001011','Uajed Kues','01','Efectivo',1000,'Valoracion','Tx de Mano Izq','Pendiente','Policlinica Carora C.A','2015-03-17','2015-03-24',''),('001012','Abdalah Baquez Ktech','01','Seguro',1300,'Valoracion','Fx de falangue','Pendiente','Policlinica Carora C.A','2015-03-23','2015-03-24','14'),('001013','Rosa maria Perez','01','Seguro',1000,'Valoracion','Tx de Pelvis Y codo Izq','Pendiente','Policlinica Carora C.A','2015-03-23','2015-03-24',''),('001014','Pastor Melendez','01','Seguro',1500,'Valoracion','Fx de Base de MTC Izq','Pendiente','Policlinica Carora C.A','2015-03-23','2015-03-24','18'),('001015','Edwin Yajure','01','Efectivo',1000,'Valoracion','Tx Lumbar','Pendiente','Policlinica Carora C.A','2015-03-23','2015-03-24',''),('001016','Manuel crespo','01','Efectivo',2000,'Valoracion','Fx de radio Izq','Pendiente','Policlinica Carora C.A','2015-03-23','2015-03-24',''),('000984','Neida Gomez Melendez','01','Efectivo',900,'Valoracion','Tx de Hombro','Pendiente','Policlinica Carora C.A','2015-01-20','2016-03-25',''),('001000','','01','Efectivo',2000,'Valoracion','fx base 5to dedo mano der','Pendiente','Policlinica Carora C.A','2015-02-21','2016-03-25',''),('001001','Marlene Pernalete','01','Seguro',3000,'Valoracion','esguince tobillo','Pendiente','Policlinica Carora C.A','2015-02-21','2016-03-25','22'),('001017','Daniel Romero','01','Efectivo',3000,'Valoracion','Tx de rodilla izq','Pendiente','Policlinica Carora C.A','2016-04-03','2016-03-25',''),('001018','Damian Silva','01','Efectivo',3000,'Valoracion','tx hombro der','Pendiente','Policlinica Carora C.A','2015-04-03','2016-03-25',''),('001019','Magaly Josefina Suarez de Marchan','01','Efectivo',1000,'Valoracion','Tx de tobillo','Pendiente','Policlinica Carora C.A','2015-04-07','2016-03-25',''),('001020','Luis Jaramillo','01','Seguro',3000,'Valoracion','Esguince tobillo','Pendiente','Policlinica Carora C.A','2015-04-07','2016-03-25','11'),('001021','Maria Carrasco','01','Efectivo',1000,'Valoracion','Tx mano izq','Pendiente','Policlinica Carora C.A','2015-04-16','2016-03-25',''),('001022','Nubia Marisol Alvarez','01','Efectivo',1000,'Valoracion','Tx pierna Izq','Pendiente','Policlinica Carora C.A','2015-04-16','2016-03-25',''),('001023','Marilu Patiño','01','Efectivo',1000,'Valoracion','Tx de Pelvis','Pendiente','Policlinica Carora C.A','2015-04-16','2016-03-25',''),('001024','Andres Leal','01','Efectivo',2500,'Valoracion','Esguince tobillo der','Pendiente','Policlinica Carora C.A','2015-04-16','2016-03-25',''),('001025','Gregorio Melendez','01','Efectivo',15000,'Valoracion','Fx de Tibia Perone ','Pendiente','Policlinica Carora C.A','2015-04-17','2016-03-25',''),('001026','Enrique Arrollo','01','Seguro',3500,'Valoracion','Fx de Radio Izq','Pendiente','Policlinica Carora C.A','2015-04-17','2016-03-25','11'),('001027','Oscar melendez','01','Seguro',4000,'Valoracion','Fx de Codo Izq','Pendiente','Policlinica Carora C.A','2015-04-23','2016-03-25','09'),('001028','Lucia Encarnacion Franco de moreno','01','Seguro',1000,'Valoracion','Tx de hombro der','Pendiente','Policlinica Carora C.A','2015-04-27','2016-03-25','12'),('001029','Enmanuel Piñango ','01','Seguro',1000,'Valoracion','Contractura Muscular','Pendiente','Policlinica Carora C.A','2015-04-27','2016-03-25','03'),('001030','Lucrecia Melendez','01','Efectivo',1000,'Valoracion','tx de muñeca izq','Pendiente','Policlinica Carora C.A','2015-04-30','2016-03-25',''),('001031','Carlos Riveros Garcia','01','Seguro',2000,'Valoracion','Gonalgia','Pendiente','Policlinica Carora C.A','2015-04-11','2016-03-25','11'),('001032','Lucia Encarnacion Franco','01','Seguro',1000,'Valoracion','Cervicobraquialgia','Pendiente','Policlinica Carora C.A','2015-06-05','2016-03-25','12'),('001033','Morelis Nieves','01','Efectivo',2500,'Valoracion','Esguince tobillo Izq','Pendiente','Policlinica Carora C.A','2015-06-05','2016-03-25',''),('001034','Edgar jose Molleja Noguera','01','Seguro',2735,'Valoracion','Fx de radio','Pendiente','Policlinica Carora C.A','2015-06-05','2016-03-25','05'),('001035','Manuel Enrique Vaquez Nieves','01','Seguro',6000,'Valoracion','Luxacion de Hombro izq','Pendiente','Policlinica Carora C.A','2015-06-05','2016-03-25','09'),('001036','Juan Escalona','01','Seguro',3000,'Valoracion','sguince tobillo Izq','Pendiente','Policlinica Carora C.A','2015-06-05','2016-03-25','04'),('001037','Froilan Jesus Hernandez Querales','01','Efectivo',3800,'Valoracion','Fx de tobillo','Pendiente','Policlinica Carora C.A','2015-06-05','2016-03-25',''),('001038','Dayana Carolina Rodriguez Rojas','01','Seguro',3000,'Valoracion','Lumbociatalgia','Pendiente','Policlinica Carora C.A','2015-06-05','2016-03-25','29'),('001039','Tirso leal','01','Seguro',1300,'Valoracion','Celulitis pie izq','Pendiente','Policlinica Carora C.A','2015-06-05','2016-03-25',''),('001040','Gerali Perozo','01','Seguro',2000,'Valoracion','Tx de rodilla izq','Pendiente','Policlinica Carora C.A','2015-06-05','2016-03-25',''),('001041','Wilson Camacho','01','Seguro',10000,'Valoracion','Fx 1er Hallux pie der','Pendiente','Policlinica Carora C.A','2015-06-08','2016-03-25','05'),('001042','Justo Melendez','01','Efectivo',4300,'Valoracion','Luxacion Hombro','Pendiente','Policlinica Carora C.A','2015-06-12','2016-03-25',''),('001043','Siria Silva','01','Efectivo',1300,'Valoracion','Tx de Torax','Pendiente','Policlinica Carora C.A','2015-06-18','2016-03-25',''),('001044','Randol Alexander Carrasco','01','Seguro',1300,'Valoracion','Tx de Rodilla izq','Pendiente','Policlinica Carora C.A','2015-06-23','2016-03-25','01'),('001045','Jose Daniel Paez','01','Seguro',3500,'Valoracion','Esguince tobillo','Pendiente','Policlinica Carora C.A','2015-06-30','2016-03-25','39'),('001046','Edgardo Alfonzo Bastidas','01','Seguro',4000,'Valoracion','Tx de rodilla izq','Pendiente','Policlinica Carora C.A','2015-07-03','2016-03-25','01'),('001047','Jorge Medina','01 ','Seguro',5000,'Valoracion','Fx de tobillo Der','Pendiente','Policlinica Carora C.A','2015-07-03','2016-03-25','01'),('001048','Cesar Augusto Quinteros','01','Seguro',2500,'Valoracion','Tx muñeca Der','Pendiente','Policlinica Carora C.A','2015-07-03','2016-03-25','01'),('001049','Alianyeli Rojas','01','Efectivo',2300,'Valoracion','Esguince tobillo izq','Pendiente','Policlinica Carora C.A','2015-07-03','2016-03-25',''),('001050','Maria ladino','01','Seguro',2500,'Valoracion','Tx Hombro','Pendiente','Policlinica Carora C.A','2015-07-03','2016-03-25','01'),('000980','Maria cecilia Alvarez','01','Seguro',3500,'Valoracion','Herida en Antebrazo der','Pendiente','Policlinica Carora C.A','2016-01-12','2016-03-25','05');
/*!40000 ALTER TABLE `pacientes` ENABLE KEYS */;
UNLOCK TABLES;

--
-- Table structure for table `reporte`
--

DROP TABLE IF EXISTS `reporte`;
/*!40101 SET @saved_cs_client     = @@character_set_client */;
/*!40101 SET character_set_client = utf8 */;
CREATE TABLE `reporte` (
  `FF` varchar(10) CHARACTER SET utf8 DEFAULT NULL,
  `FC` varchar(10) CHARACTER SET utf8 DEFAULT NULL
) ENGINE=MyISAM DEFAULT CHARSET=latin1 COLLATE=latin1_spanish_ci;
/*!40101 SET character_set_client = @saved_cs_client */;

--
-- Dumping data for table `reporte`
--

LOCK TABLES `reporte` WRITE;
/*!40000 ALTER TABLE `reporte` DISABLE KEYS */;
INSERT INTO `reporte` VALUES ('01/01/2009','31/12/2009');
/*!40000 ALTER TABLE `reporte` ENABLE KEYS */;
UNLOCK TABLES;

--
-- Table structure for table `seguros`
--

DROP TABLE IF EXISTS `seguros`;
/*!40101 SET @saved_cs_client     = @@character_set_client */;
/*!40101 SET character_set_client = utf8 */;
CREATE TABLE `seguros` (
  `cod_seg` varchar(10) CHARACTER SET utf8 NOT NULL,
  `nomb_seg` varchar(50) CHARACTER SET utf8 DEFAULT NULL,
  `direc_seg` varchar(50) CHARACTER SET utf8 DEFAULT NULL,
  `rif_seg` varchar(20) CHARACTER SET utf8 DEFAULT NULL,
  `telf_seg` varchar(20) CHARACTER SET utf8 DEFAULT NULL,
  `tip_seg` varchar(30) CHARACTER SET utf8 DEFAULT NULL,
  PRIMARY KEY (`cod_seg`)
) ENGINE=MyISAM DEFAULT CHARSET=latin1 COLLATE=latin1_spanish_ci;
/*!40101 SET character_set_client = @saved_cs_client */;

--
-- Dumping data for table `seguros`
--

LOCK TABLES `seguros` WRITE;
/*!40000 ALTER TABLE `seguros` DISABLE KEYS */;
INSERT INTO `seguros` VALUES ('01','Horizontes','Chacao Edo miranda Torre La Primera','G-20008701-3','','Privada'),('02','La Previsora','Av Lincoln Plaza Venezuela torre la Previsora','J-00021376-3','','Privada'),('03','C. A. Azuca','Carretera Lara ZuliaKm72 Puricaure','J-08515184-2','',''),('04','C.A.Central Pastora','','','',''),('05','Mapfre La Seguridad','','','','Privada'),('06','Beneficios medicos Inter Venezuela C.A.','','','',''),('07','IMG LIder','','','',''),('08','Enelbar','','','',''),('09','Caracas','','','',''),('10','Planisi','','','',''),('11','Ministerio Poder Popular para la Educacion','Esquina de Salas Edf. Sede Ministerio de Educacion','','','Publica'),('12','Seguros Qulitas C.A','Av Fco de Miranda Los plos Grandes','J-306684506','',''),('13','Seguros Banvalor','Av Abraham Lincon Torre Danus Piso 1','J-66368639-5','',''),('14','Seguros Carabobo C.A','Av Andres E Blanco 3er Piso','J-000340226','',''),('15','Fenojiv','','','','Privada'),('16','Seguro Agricola','','','','Privada'),('17','Group IMG Lider','','','',''),('18','Mercantil Seguros C.A','','','',''),('19','Banesco Seguros','Av Los Leones','J-300831183','','Privada'),('20','C.A, de Seguros La Occidental','Av Ppal Bella Vista Maracaibo','J-070011300','','Privada'),('22','Humanitas de Venezuela C.A','','','',''),('21','Seguros Los Andes C.A','','','',''),('23','Direccion Ejecutiva Magistratura','','','',''),('24','Plan Administrativo ','','','',''),('25','Funsoucla','','','',''),('26','IPSUB','','','',''),('27','Seguros Venezuela C.A.','','','',''),('28','Fundacion Fondo Administrativo FASMIJ','','','','Privada'),('29','Fundacion SIAMTEL','Av Rotaria Qta Gloria N°138-16','G-200095750','','Publica'),('30','Bicentenario Banca Universal C.A','Av San Felipe Edificio Sede','G-200091487','','Privada'),('31','MAKLER Administradora C.A','Av Rio Caura Torre Emp Humbolt','J-312911972','','Privada'),('32','Banco Central de Venezuela','Torres Financiera Esq Santa Capilla','G-200001100','','Privada'),('33','CANTV','Av Libertador Edf cantv Torre nea Nivel Sotano','J-001241345','','Privada'),('34','VIDAMED Consultores S.A','','J-309698079','',''),('35','IPSOFAP LARA','Calle 30 con carrera 28 y29 Barquisimeto','J-301863925','','Privada'),('36','Seguros Constitucion','Av. Tamanaco Urb. El Rosal Torre Norte piso 6','J-090286233','','Privada'),('37','CVA Compañia Mecanizada transporte','Av intercomunal Cabudare','G-200039100','',''),('38','Servicios Generales Veneasistencia','4ta transversal caracas','J-003019216','',''),('39','Multinacional de Seguros','','J-090134000','','Privada'),('40','Parsalud','','J-303992722','','Privada'),('41','Seguros Guayana C.A.','','J-095006476','',''),('42','IPSPUCO','','J-085062068','',''),('43','Corporaion Electrica Nacional S.A','','G-200100141','',''),('44','Insstituto Nacional de Nutricion  INNUTRICION','','','','Privada'),('45','Instituto Maria Concepcion','','','',''),('46','Metrocontadores','','','',''),('47','Siamje','','','',''),('49','FASDEM','','J-085048790','',''),('48','Seguros caroni','','J-085048790','',''),('50','MercaSalud','','','','Privada'),('51','GEH Asesores Integrales Salus C.A','','','','Privada'),('52','CVAL Pedro Camejo','','','','Privada'),('53','Agrica','','','','Privada'),('54','Asesores Integrales en Salud','','','',''),('55','La Occidental','','','','Privada'),('56','Creditos con La Clinica','','J-08504879-0','0252-4214411','Privada'),('57','Seguros Universitas','','','','Privada'),('58','Cicoprosa','','','','Privada'),('59','Fabrica Nacional de Cementos','','','','Privada');
/*!40000 ALTER TABLE `seguros` ENABLE KEYS */;
UNLOCK TABLES;

--
-- Table structure for table `usuarios`
--

DROP TABLE IF EXISTS `usuarios`;
/*!40101 SET @saved_cs_client     = @@character_set_client */;
/*!40101 SET character_set_client = utf8 */;
CREATE TABLE `usuarios` (
  `id_usuario` int(11) NOT NULL AUTO_INCREMENT,
  `usuario` varchar(45) COLLATE latin1_spanish_ci NOT NULL,
  `clave` varchar(30) COLLATE latin1_spanish_ci NOT NULL,
  PRIMARY KEY (`id_usuario`),
  UNIQUE KEY `usuario_UNIQUE` (`usuario`)
) ENGINE=MyISAM AUTO_INCREMENT=4 DEFAULT CHARSET=latin1 COLLATE=latin1_spanish_ci;
/*!40101 SET character_set_client = @saved_cs_client */;

--
-- Dumping data for table `usuarios`
--

LOCK TABLES `usuarios` WRITE;
/*!40000 ALTER TABLE `usuarios` DISABLE KEYS */;
INSERT INTO `usuarios` VALUES (1,'admin','root'),(2,'jbretth','j4179609'),(3,'mjosda','20644255');
/*!40000 ALTER TABLE `usuarios` ENABLE KEYS */;
UNLOCK TABLES;
/*!40103 SET TIME_ZONE=@OLD_TIME_ZONE */;

/*!40101 SET SQL_MODE=@OLD_SQL_MODE */;
/*!40014 SET FOREIGN_KEY_CHECKS=@OLD_FOREIGN_KEY_CHECKS */;
/*!40014 SET UNIQUE_CHECKS=@OLD_UNIQUE_CHECKS */;
/*!40101 SET CHARACTER_SET_CLIENT=@OLD_CHARACTER_SET_CLIENT */;
/*!40101 SET CHARACTER_SET_RESULTS=@OLD_CHARACTER_SET_RESULTS */;
/*!40101 SET COLLATION_CONNECTION=@OLD_COLLATION_CONNECTION */;
/*!40111 SET SQL_NOTES=@OLD_SQL_NOTES */;

-- Dump completed on 2016-07-19  9:38:39
